Framework,16 concurrency,32 concurrency,64 concurrency,128 concurrency,256 concurrency,512 concurrency,Best performance across all concurrency levels,500-series HTTP responses,Classification,Language,Platform,Front-end server / Web-server,Application operating system,Database server,Database operating system,Object-relation mapper,Implementation approach
act-eclipselink-mysql,"6,425","13,916","24,750","24,004","22,591","27,212","27,212",100% success rate,Fullstack,Java,Undertow,None,Linux,MySQL,Linux,Full,Realistic
act-eclipselink-pgsql,"9,529","20,476","51,256","175,643","220,577","229,702","229,702",100% success rate,Fullstack,Java,Undertow,None,Linux,Postgres,Linux,Full,Realistic
act-hibernate-pgsql,"9,466","20,094","48,176","163,688","199,810","210,190","210,190",100% success rate,Fullstack,Java,Undertow,None,Linux,Postgres,Linux,Full,Realistic
aiohttp,"4,765","7,972","15,071","28,277","33,582","35,681","35,681",100% success rate,Micro,Python,asyncio,Gunicorn,Linux,Postgres,Linux,Full,Realistic
aiohttp-pg-raw,"6,382","10,622","17,872","47,999","93,152","100,675","100,675",100% success rate,Micro,Python,asyncio,Gunicorn,Linux,Postgres,Linux,Raw,Realistic
aioworkers,— Did not complete —,—,Platform,Python,None,aioworkers.net.web,Linux,Postgres,Linux,Raw,Realistic,,,,,,
akka-http,"8,141","23,412","55,180","135,601","182,683","186,763","186,763",100% success rate,Micro,Scala,Akka,None,Linux,MySQL,Linux,Raw,Realistic
akka-http-slick-postgres,"6,564","15,260","40,897","49,907","50,001","50,070","50,070",100% success rate,Micro,Scala,Akka,None,Linux,Postgres,Linux,Full,Realistic
aleph,"8,168","15,262","25,375","39,411","37,708","37,632","39,411",100% success rate,Micro,Clojure,Netty,None,Linux,Postgres,Linux,Raw,Realistic
amber,— Did not complete —,—,Fullstack,Crystal,None,None,Linux,Postgres,Linux,Full,Realistic,,,,,,
amp,"9,623","16,245","29,458","71,037","116,609","136,630","136,630",100% success rate,Platform,PHP,amp,None,Linux,MySQL,Linux,Raw,Realistic
angel3_postgresql,"3,664","5,927","5,268","5,291","4,960","4,673","5,927",100% success rate,Fullstack,Dart,angel3,None,Linux,Postgres,Linux,Micro,Realistic
angel3_mysql,"1,540","5,113","5,577","4,388","3,657","2,647","5,577",100% success rate,Fullstack,Dart,angel3,None,Linux,MySQL,Linux,Micro,Realistic
apidaora,"6,185","10,605","17,876","52,456","114,004","129,031","129,031",100% success rate,Micro,Python,None,None,Linux,Postgres,Linux,Raw,Realistic
apidaora-core,"6,341","10,982","20,401","51,719","121,330","141,430","141,430",100% success rate,Micro,Python,None,None,Linux,Postgres,Linux,Raw,Realistic
"appmpower [aot-no-reflection,my,odbc]","7,246","15,429","37,370","129,040","173,141","183,258","183,258",100% success rate,Platform,C#,.NET,kestrel,Linux,MySQL,Linux,Raw,Realistic
"appmpower [aot-no-reflection,pg,odbc]","10,057","20,911","39,744","103,257","216,495","244,245","244,245",100% success rate,Platform,C#,.NET,kestrel,Linux,Postgres,Linux,Raw,Realistic
armeria,"6,439","9,477","15,705","17,275","18,077","19,679","19,679",100% success rate,Micro,Java,Netty,None,Linux,Postgres,Linux,Raw,Realistic
aspcore-mono-mvc-pg,"7,769","15,496","23,034","18,662","15,242","13,186","23,034",100% success rate,Fullstack,C#,.NET,kestrel,Linux,Postgres,Linux,Raw,Realistic
aspcore-mono-mw-pg,"9,330","21,153","37,094","41,976","43,228","36,189","43,228",100% success rate,Micro,C#,.NET,kestrel,Linux,Postgres,Linux,Raw,Realistic
aspcore-vb-mw-ado-my,"9,129","19,378","53,513","154,149","210,698","215,819","215,819",100% success rate,Micro,vb,.NET,kestrel,Linux,MySQL,Linux,Raw,Realistic
aspcore-vb-mw-ado-pg,"12,914","22,097","62,533","196,341","580,955","658,480","658,480",100% success rate,Micro,vb,.NET,kestrel,Linux,Postgres,Linux,Raw,Realistic
aspnetcore,"12,524","24,010","57,454","190,755","656,411","741,878","741,878",100% success rate,Platform,C#,.NET,kestrel,Linux,Postgres,Linux,Raw,Realistic
aspnetcore-aot,"12,612","23,156","47,918","160,062","603,140","691,655","691,655",100% success rate,Platform,C#,.NET,kestrel,Linux,Postgres,Linux,Raw,Realistic
aspnetcore-mysql,"10,420","22,781","53,190","171,013","282,085","288,812","288,812",100% success rate,Platform,C#,.NET,kestrel,Linux,MySQL,Linux,Raw,Realistic
"asp.net core [minimal apis, pg, dapper]","12,815","20,154","55,999","185,815","546,510","609,966","609,966",100% success rate,Micro,C#,.NET,kestrel,Linux,Postgres,Linux,Micro,Realistic
"asp.net core [mvc, pg, ef]","12,672","22,708","52,028","185,837","304,136","322,802","322,802",100% success rate,Fullstack,C#,.NET,kestrel,Linux,Postgres,Linux,Full,Realistic
atreugo,"12,453","26,337","57,056","252,408","455,306","260,480","455,306",100% success rate,Platform,Go,None,None,Linux,Postgres,Linux,Raw,Realistic
atreugo-prefork,"13,976","27,270","60,735","343,655","745,547","933,521","933,521",100% success rate,Platform,Go,None,None,Linux,Postgres,Linux,Raw,Realistic
axum [mongodb],"9,356","19,082","37,332","123,548","272,595","335,954","335,954",100% success rate,Fullstack,Rust,Rust,hyper,Linux,MongoDB,Linux,Raw,Realistic
axum [postgresql],"11,948","24,362","48,822","467,013","798,349","1,114,265","1,114,265",100% success rate,Fullstack,Rust,Rust,hyper,Linux,Postgres,Linux,Raw,Realistic
axum [postgresql - deadpool],"12,140","24,066","43,238","66,029","67,252","67,449","67,449",100% success rate,Fullstack,Rust,Rust,hyper,Linux,Postgres,Linux,Raw,Realistic
axum [postgresql - sqlx],"11,946","24,685","38,233","38,712","38,070","37,985","38,712",100% success rate,Fullstack,Rust,Rust,hyper,Linux,Postgres,Linux,Raw,Realistic
bareasgi,"5,581","8,704","14,713","32,676","43,783","46,571","46,571",100% success rate,Micro,Python,asyncio,hypercorn,Linux,Postgres,Linux,Raw,Realistic
beetlex,"10,045","21,328","45,145","46,886","58,064","64,164","64,164",100% success rate,Fullstack,C#,.NET,beetlex,Linux,Postgres,Linux,Raw,Realistic
beetlex-core,"10,311","22,915","60,013","138,655","246,990","347,054","347,054",100% success rate,Platform,C#,.NET,beetlex,Linux,Postgres,Linux,Raw,Realistic
ben [kestrel],"3,789","9,191","14,776","27,251","135,982","445,901","445,901",100% success rate,Micro,C#,.NET,kestrel,Linux,Postgres,Linux,Micro,Realistic
blacksheep,"6,860","11,993","22,060","70,357","143,312","162,523","162,523",100% success rate,Micro,Python,asgi,uvicorn,Linux,Postgres,Linux,Raw,Realistic
blade,"6,829","6,423","6,245","6,571","7,353","7,006","7,353",100% success rate,Fullstack,Java,None,None,Linux,MySQL,Linux,Full,Realistic
bottle,"4,718","8,481","12,578","23,840","23,163","23,645","23,840",100% success rate,Micro,Python,Meinheld,None,Linux,MySQL,Linux,Full,Realistic
bottle-raw,"8,311","14,254","21,128","61,806","87,369","79,595","87,369",100% success rate,Micro,Python,Meinheld,None,Linux,MySQL,Linux,Raw,Realistic
cakephp,"3,027","5,903","8,841","9,701","9,633","9,433","9,701",100% success rate,Fullstack,PHP,fpm/fastcgi,nginx,Linux,MySQL,Linux,Full,Realistic
cakephp-workerman,"1,583","2,309","2,323","2,203","2,240","2,217","2,323",100% success rate,Fullstack,PHP,workerman,None,Linux,MySQL,Linux,Full,Realistic
cfml-lucee,"9,277","21,035","61,732","88,058","83,095","68,155","88,058",100% success rate,Platform,cfml,None,None,Linux,Postgres,Linux,Raw,Realistic
cfml-adobe,"6,956","15,610","35,650","92,406","99,101","98,055","99,101",100% success rate,Platform,cfml,None,None,Linux,Postgres,Linux,Raw,Realistic
chi,"10,335","13,201","17,900","30,223","55,905","121,198","121,198",100% success rate,Micro,Go,None,None,Linux,MySQL,Linux,Raw,Realistic
chi-prefork,"11,248","26,077","67,644","161,385","237,742","272,645","272,645",100% success rate,Micro,Go,None,None,Linux,MySQL,Linux,Raw,Realistic
chi-scratch,"10,416","12,867","17,961","32,568","52,354","121,672","121,672",100% success rate,Micro,Go,None,None,Linux,MySQL,Linux,Raw,Realistic
clevergo,"10,668","18,181","24,289","46,234","67,630","86,687","86,687",100% success rate,Micro,Go,None,None,Linux,MySQL,Linux,Raw,Realistic
codeigniter,"3,749","7,491","12,577","15,627","15,903","15,824","15,903",100% success rate,Fullstack,PHP,fpm/fastcgi,nginx,Linux,MySQL,Linux,Raw,Realistic
coldbox-lucee,"5,812","10,572","17,309","18,013","17,964","17,186","18,013",100% success rate,Fullstack,cfml,None,None,Linux,Postgres,Linux,Raw,Realistic
coldbox-adobe,"3,998","7,514","14,009","16,796","16,801","16,494","16,801",100% success rate,Fullstack,cfml,None,None,Linux,Postgres,Linux,Raw,Realistic
comet,"10,837","20,385","34,905","112,122","276,773","275,778","276,773",100% success rate,Micro,PHP,workerman,None,Linux,Postgres,Linux,Raw,Realistic
comet-mysql,"9,828","20,163","38,680","113,853","283,268","276,897","283,268",100% success rate,Micro,PHP,workerman,None,Linux,MySQL,Linux,Raw,Realistic
compojure,"6,464","11,994","29,348","68,033","30,078","13,374","68,033",100% success rate,Micro,Clojure,Servlet,Resin,Linux,MySQL,Linux,Micro,Realistic
compojure-raw,"6,845","13,544","25,303","83,494","96,622","91,879","96,622",100% success rate,Micro,Clojure,Servlet,Resin,Linux,MySQL,Linux,Raw,Realistic
crax,"3,478","5,411","8,122","12,411","13,523","14,065","14,065",100% success rate,Micro,Python,None,None,Linux,Postgres,Linux,Raw,Realistic
cutelyst-pf-apg,"18,698","36,286","59,299","100,326","149,738","175,950","175,950",100% success rate,Fullstack,C++,cutelystwsgi,None,Linux,Postgres,Linux,Raw,Realistic
cutelyst-pf-my,"8,244","22,251","31,128","50,542","80,979","231,889","231,889",100% success rate,Fullstack,C++,cutelystwsgi,None,Linux,MySQL,Linux,Raw,Realistic
cutelyst-pf-pg,"18,151","30,370","52,186","83,835","86,407","90,134","90,134",100% success rate,Fullstack,C++,cutelystwsgi,None,Linux,Postgres,Linux,Raw,Realistic
cutelyst-t-apg-cutelee,"10,510","21,011","34,374","61,869","85,179","83,979","85,179",100% success rate,Fullstack,C++,cutelystwsgi,None,Linux,Postgres,Linux,Raw,Realistic
cutelyst-thread-apg,"11,260","22,088","39,317","76,697","603,359","695,902","695,902",100% success rate,Fullstack,C++,cutelystwsgi,None,Linux,Postgres,Linux,Raw,Realistic
cutelyst-thread-my,"5,792","11,707","18,526","32,156","40,458","50,677","50,677",100% success rate,Fullstack,C++,cutelystwsgi,None,Linux,MySQL,Linux,Raw,Realistic
cutelyst-thread-my-cutelee,"5,859","10,256","18,606","25,243","32,281","37,939","37,939",100% success rate,Fullstack,C++,cutelystwsgi,None,Linux,MySQL,Linux,Raw,Realistic
cutelyst-thr-pg-raw,"9,635","17,531","28,829","51,441","70,784","77,328","77,328",100% success rate,Fullstack,C++,cutelystwsgi,None,Linux,Postgres,Linux,Raw,Realistic
cutelyst-thr-pg-cutelee,"9,437","17,929","29,110","37,132","52,900","63,415","63,415",100% success rate,Fullstack,C++,cutelystwsgi,None,Linux,Postgres,Linux,Raw,Realistic
cyberphp,"5,214","5,192","5,078","5,295","5,658","6,216","6,216",100% success rate,Micro,PHP,workerman,None,Linux,Postgres,Linux,Raw,Realistic
ditsmod v3.0 [mysql],"10,262","19,110","35,409","72,228","72,613","72,680","72,680",100% success rate,Micro,typescript,nodejs,None,Linux,MySQL,Linux,Raw,Realistic
ditsmod v3.0 [postgres],"11,142","20,201","39,584","121,597","211,889","253,447","253,447",100% success rate,Micro,typescript,nodejs,None,Linux,Postgres,Linux,Raw,Realistic
ditsmod-bun v3.0 [mysql],"9,589","18,397","35,582","61,111","87,864","95,003","95,003",100% success rate,Micro,typescript,bun,None,Linux,MySQL,Linux,Raw,Realistic
ditsmod-bun v3.0 [postgres],"9,128","20,845","45,815","110,703","152,101","174,996","174,996",100% success rate,Micro,typescript,bun,None,Linux,Postgres,Linux,Raw,Realistic
django,"6,487","10,718","16,967","31,792","31,048","31,638","31,792",100% success rate,Fullstack,Python,wsgi,Meinheld,Linux,MySQL,Linux,Full,Realistic
django-postgresql,"6,811","10,127","16,546","32,651","32,047","32,637","32,651",100% success rate,Fullstack,Python,wsgi,Meinheld,Linux,Postgres,Linux,Full,Realistic
drogon,"12,346","26,504","54,833","437,942","686,990","947,069","947,069",100% success rate,Fullstack,C++,None,None,Linux,Postgres,Linux,Micro,Realistic
drogon-core,"12,752","26,413","50,719","463,180","727,797","1,042,653","1,042,653",100% success rate,Fullstack,C++,None,None,Linux,Postgres,Linux,Raw,Realistic
dropwizard,"6,996","16,246","45,274","110,355","87,300","76,271","110,355",100% success rate,Fullstack,Java,JAX-RS,Jetty,Linux,MySQL,Linux,Full,Realistic
dropwizard-mongodb,"8,388","22,220","36,933","49,231","46,691","39,666","49,231",100% success rate,Fullstack,Java,JAX-RS,Jetty,Linux,MongoDB,Linux,Full,Realistic
dropwizard-postgres,"9,230","21,310","50,970","119,677","91,852","80,105","119,677",100% success rate,Fullstack,Java,JAX-RS,Jetty,Linux,Postgres,Linux,Full,Realistic
duckphp,"5,475","11,050","23,581","103,629","114,817","79,184","114,817",100% success rate,Fullstack,PHP,fpm/fastcgi,nginx,Linux,MySQL,Linux,Raw,Realistic
duct,"8,900","19,463","29,285","29,091","29,461","29,276","29,461",100% success rate,Micro,Clojure,Ring,None,Linux,Postgres,Linux,Raw,Realistic
duct-aleph,"8,222","17,942","34,346","34,992","35,485","39,834","39,834",100% success rate,Micro,Clojure,Netty,None,Linux,Postgres,Linux,Raw,Realistic
duct-httpkit,"5,102","5,011","4,936","5,078","5,319","5,341","5,341",100% success rate,Micro,Clojure,Ring,None,Linux,Postgres,Linux,Raw,Realistic
easyrpc,"9,687","17,162","30,712","108,941","198,137","291,670","291,670",100% success rate,Fullstack,C#,.NET,kestrel,Linux,Postgres,Linux,Raw,Realistic
echo,"13,620","29,830","62,331","155,076","189,512","140,882","189,512",100% success rate,Micro,Go,None,None,Linux,Postgres,Linux,Raw,Realistic
elysia [compiled],"10,452","23,495","54,746","161,384","251,585","284,973","284,973",100% success rate,Micro,typescript,bun,None,Linux,Postgres,Linux,Raw,Realistic
elysia [postgresql],"9,963","23,285","53,660","162,309","235,455","284,990","284,990",100% success rate,Micro,typescript,bun,None,Linux,Postgres,Linux,Raw,Realistic
elysia [smol] [postgresql],"10,489","24,251","55,652","161,014","236,389","284,536","284,536",100% success rate,Micro,typescript,bun,None,Linux,Postgres,Linux,Raw,Realistic
emmett,"2,397","4,745","8,573","24,698","35,744","38,744","38,744",100% success rate,Fullstack,Python,None,None,Linux,Postgres,Linux,Full,Realistic
emmett55,"6,144","8,625","19,155","66,074","100,135","122,097","122,097",100% success rate,Micro,Python,rsgi,granian,Linux,Postgres,Linux,Raw,Realistic
es4x,"11,581","22,946","46,697","94,166","127,135","139,973","139,973",100% success rate,Micro,JavaScript,vert.x,None,Linux,Postgres,Linux,Raw,Realistic
express-mongodb,"7,433","15,051","26,425","41,946","43,242","44,090","44,090",100% success rate,Micro,JavaScript,nodejs,None,Linux,MongoDB,Linux,Full,Realistic
express-mysql,"8,369","16,268","33,214","60,821","70,091","71,371","71,371",100% success rate,Micro,JavaScript,nodejs,None,Linux,MySQL,Linux,Full,Realistic
express-postgres,"8,853","17,746","36,247","68,171","76,681","78,136","78,136",100% success rate,Micro,JavaScript,nodejs,None,Linux,Postgres,Linux,Full,Realistic
express-postgresjs,"11,468","24,845","56,787","112,032","147,969","172,523","172,523",100% success rate,Micro,JavaScript,nodejs,None,Linux,Postgres,Linux,Full,Realistic
"falco, donald","9,259","16,177","36,144","52,320","56,467","57,484","57,484",100% success rate,Micro,f#,.NET,kestrel,Linux,Postgres,Linux,Micro,Realistic
falcon,"5,912","8,096","10,372","39,767","47,439","47,823","47,823",100% success rate,Micro,Python,wsgi,Meinheld,Linux,Postgres,Linux,Full,Realistic
falcon [asgi/tortoise],"6,184","10,654","19,851","56,749","69,736","73,709","73,709",100% success rate,Micro,Python,asgi,uvicorn,Linux,Postgres,Linux,Full,Realistic
falcon [bjoern],"5,390","7,929","10,493","17,908","24,402","28,325","28,325",100% success rate,Micro,Python,wsgi,bjoern,Linux,Postgres,Linux,Full,Realistic
falcon [fastwsgi],"6,155","8,238","11,177","19,272","24,774","31,458","31,458",100% success rate,Micro,Python,wsgi,fastwsgi,Linux,Postgres,Linux,Full,Realistic
falcon [pypy3],"8,636","19,587","32,515","31,513","32,327","34,716","34,716",100% success rate,Micro,Python,wsgi,Gunicorn,Linux,Postgres,Linux,Full,Realistic
falcon [waitress],299,310,319,336,341,338,341,100% success rate,Micro,Python,wsgi,waitress,Linux,Postgres,Linux,Full,Realistic
fastapi,"6,611","11,557","19,329","48,205","97,909","109,166","109,166",100% success rate,Micro,Python,asyncio,Gunicorn,Linux,Postgres,Linux,Raw,Realistic
fastapi-gunicorn-orm,"6,114","11,461","17,311","29,798","37,546","37,797","37,797",100% success rate,Micro,Python,asyncio,Gunicorn,Linux,Postgres,Linux,Full,Realistic
fastapi-hypercorn,357,712,"1,248","2,499","5,064","11,543","11,543",100% success rate,Micro,Python,asyncio,hypercorn,Linux,Postgres,Linux,Raw,Realistic
fastapi-uvicorn,"6,503","11,374","19,748","51,328","87,972","97,221","97,221",100% success rate,Micro,Python,asyncio,uvicorn,Linux,Postgres,Linux,Raw,Realistic
fastify-mysql,"10,150","19,057","36,232","71,441","72,585","72,135","72,585",100% success rate,Micro,JavaScript,nodejs,None,Linux,MySQL,Linux,Raw,Realistic
fastify-postgres,"11,136","17,933","36,013","110,395","212,045","265,826","265,826",100% success rate,Micro,JavaScript,nodejs,None,Linux,Postgres,Linux,Raw,Realistic
fat-free,"6,637","14,057","26,614","39,737","39,922","28,700","39,922",100% success rate,Fullstack,PHP,fpm/fastcgi,nginx,Linux,MySQL,Linux,Full,Realistic
fat-free-raw,"7,018","14,353","31,121","51,159","52,349","47,756","52,349",100% success rate,Fullstack,PHP,fpm/fastcgi,nginx,Linux,MySQL,Linux,Raw,Realistic
feathersjs,"4,654","7,195","11,090","12,506","12,679","12,998","12,998",100% success rate,Fullstack,typescript,None,None,Linux,Postgres,Linux,Full,Realistic
feersum,"12,176","23,452","41,868","130,181","454,755","651,181","651,181",100% success rate,Platform,Perl,None,feersum,Linux,Postgres,Linux,Raw,Realistic
feersum,"12,048","22,561","40,537","124,196","319,187","310,297","319,187",100% success rate,Platform,Perl,None,feersum,Linux,MySQL,Linux,Raw,Realistic
ffead-cpp [pg-raw-async-prof-pool],"12,613","29,403","75,380","327,532","669,029","864,175","864,175",100% success rate,Fullstack,C++,None,ffead-cpp,Linux,Postgres,Linux,Raw,Realistic
ffead-cpp [pg-raw-async-prof],"12,385","26,259","47,784","112,832","342,212","446,969","446,969",100% success rate,Fullstack,C++,None,ffead-cpp,Linux,Postgres,Linux,Raw,Realistic
ffead-cpp [pg-raw-async-qw-prof],"12,035","23,797","53,828","108,247","284,160","430,720","430,720",100% success rate,Fullstack,C++,None,ffead-cpp,Linux,Postgres,Linux,Raw,Realistic
ffead-cpp [pg-raw-prof],"10,632","25,415","46,574","123,364","402,514","482,588","482,588",100% success rate,Fullstack,C++,None,ffead-cpp,Linux,Postgres,Linux,Raw,Realistic
ffead-cpp [v],"10,641","21,035","38,223","65,032","379,408","561,488","561,488",100% success rate,Fullstack,C++,None,picov,Linux,Postgres,Linux,Raw,Realistic
ffead-cpp [v-prof],"11,192","20,667","39,418","63,794","93,328","577,905","577,905",100% success rate,Fullstack,C++,None,picov,Linux,Postgres,Linux,Raw,Realistic
fiber,"12,289","26,151","57,337","179,407","411,213","265,217","411,213",100% success rate,Platform,Go,None,None,Linux,Postgres,Linux,Raw,Realistic
fiber-prefork,"14,044","32,508","81,520","332,730","718,235","848,213","848,213",100% success rate,Platform,Go,None,None,Linux,Postgres,Linux,Raw,Realistic
flight,"6,122","12,842","31,781","98,440","106,000","82,415","106,000",100% success rate,Micro,PHP,fpm/fastcgi,nginx,Linux,MySQL,Linux,Raw,Realistic
"frank, dapper","9,444","19,816","39,589","59,376","55,052","40,878","59,376",100% success rate,Micro,f#,.NET,kestrel,Linux,Postgres,Linux,Micro,Realistic
fuel,"5,074","10,595","18,637","25,521","25,861","25,117","25,861",100% success rate,Micro,PHP,fpm/fastcgi,nginx,Linux,MySQL,Linux,Raw,Realistic
gearbox,"12,327","24,962","51,760","238,568","436,977","413,731","436,977",100% success rate,Platform,Go,None,None,Linux,Postgres,Linux,Raw,Realistic
gearbox prefork,"12,181","25,909","61,742","350,204","728,011","896,791","896,791",100% success rate,Platform,Go,None,None,Linux,Postgres,Linux,Raw,Realistic
gemini-mysql,"7,442","15,352","29,335","192,864","261,699","256,815","261,699",100% success rate,Fullstack,Java,Servlet,Resin,Linux,MySQL,Linux,Micro,Realistic
gemini-postgres,"11,366","23,306","44,883","241,282","443,582","428,754","443,582",100% success rate,Fullstack,Java,Servlet,Resin,Linux,Postgres,Linux,Micro,Realistic
genhttp,"10,880","23,226","48,334","111,775","142,110","140,856","142,110",100% success rate,Fullstack,C#,.NET,kestrel,Linux,Postgres,Linux,Raw,Realistic
gin,"9,612","15,886","20,818","31,881","55,328","110,596","110,596",100% success rate,Micro,Go,None,None,Linux,MySQL,Linux,Raw,Realistic
gin-scratch,"9,681","15,922","19,658","30,419","53,012","106,458","106,458",100% success rate,Micro,Go,None,None,Linux,MySQL,Linux,Raw,Realistic
giraffe,"10,233","22,530","52,196","126,549","230,365","536,133","536,133",100% success rate,Fullstack,f#,.NET,kestrel,Linux,Postgres,Linux,Micro,Realistic
go-my,"9,479","14,077","16,698","26,473","45,360","60,078","60,078",100% success rate,Platform,Go,None,None,Linux,MySQL,Linux,Raw,Realistic
go-my-prefork,"11,604","20,567","41,286","154,179","268,386","296,315","296,315",100% success rate,Platform,Go,None,None,Linux,MySQL,Linux,Raw,Realistic
go-pgx,"10,723","21,668","43,875","119,903","155,510","151,815","155,510",100% success rate,Platform,Go,None,None,Linux,Postgres,Linux,Raw,Realistic
go-pgx-prefork,"12,369","23,267","47,207","157,790","273,379","318,546","318,546",100% success rate,Platform,Go,None,None,Linux,Postgres,Linux,Raw,Realistic
go-pgx-prefork-quicktemplate,"12,797","25,480","55,609","288,165","612,836","715,433","715,433",100% success rate,Platform,Go,None,None,Linux,Postgres,Linux,Raw,Realistic
go-pgx-quicktemplate,"11,756","24,618","52,609","191,953","308,357","335,980","335,980",100% success rate,Platform,Go,None,None,Linux,Postgres,Linux,Raw,Realistic
goframe,"12,261","26,189","64,867","273,558","456,085","441,187","456,085",100% success rate,Platform,Go,None,None,Linux,Postgres,Linux,Raw,Realistic
goji,"10,327","21,426","44,220","109,154","152,353","160,640","160,640",100% success rate,Micro,Go,None,None,Linux,MySQL,Linux,Raw,Realistic
goravel gin,"12,005","23,697","43,551","94,766","126,652","148,939","148,939",100% success rate,Fullstack,Go,None,None,Linux,Postgres,Linux,Full,Realistic
goravel fiber,"13,134","30,276","74,933","235,861","479,276","549,130","549,130",100% success rate,Fullstack,Go,None,None,Linux,Postgres,Linux,Full,Realistic
grails,370,739,"1,289","2,562","5,124","11,490","11,490",100% success rate,Fullstack,Groovy,Servlet,None,Linux,MySQL,Linux,Full,Realistic
granian [asgi],"5,503","9,350","17,158","91,767","137,258","162,092","162,092",100% success rate,Platform,Python,None,granian,Linux,Postgres,Linux,Raw,Realistic
granian [rsgi],"5,941","9,785","13,291","69,102","140,271","164,333","164,333",100% success rate,Platform,Python,None,granian,Linux,Postgres,Linux,Raw,Realistic
greenlightning,"14,041","28,535","54,147","137,335","307,216","533,164","533,164",100% success rate,Micro,Java,None,None,Linux,Postgres,Linux,Raw,Realistic
grizzly-jersey,"6,991","12,837","23,753","111,172","129,681","130,254","130,254",100% success rate,Micro,Java,JAX-RS,grizzly,Linux,MySQL,Linux,Full,Realistic
hapi,"4,672","8,180","15,730","20,814","22,784","23,197","23,197",100% success rate,Micro,JavaScript,nodejs,None,Linux,MongoDB,Linux,Full,Realistic
hapi-mysql,"7,286","12,770","28,186","60,156","78,484","80,651","80,651",100% success rate,Micro,JavaScript,nodejs,None,Linux,MySQL,Linux,Full,Realistic
hapi-nginx,0,"1,040",0,24,"1,876","15,342","15,342",100% success rate,Micro,JavaScript,nodejs,nginx,Linux,Postgres,Linux,Full,Realistic
hapi-postgres,"7,753","14,001","30,690","66,295","85,056","90,407","90,407",100% success rate,Micro,JavaScript,nodejs,None,Linux,Postgres,Linux,Full,Realistic
heaven,"6,071","10,839","22,405","48,654","64,332","68,218","68,218",100% success rate,Micro,Python,None,None,Linux,Postgres,Linux,Raw,Realistic
helidon,"9,029","21,683","71,708","237,639","399,724","500,080","500,080",100% success rate,Micro,Java,Netty,None,Linux,Postgres,Linux,Raw,Realistic
helidon 4,"10,160","23,536","65,909","261,362","506,380","696,144","696,144",100% success rate,Micro,Java,None,None,Linux,Postgres,Linux,Raw,Realistic
hertz,"11,646","24,734","46,136","163,738","239,873","202,807","239,873",100% success rate,Micro,Go,None,None,Linux,Postgres,Linux,Raw,Realistic
hexagon,"17,672","37,807","102,751","298,075","436,633","453,552","453,552",100% success rate,Micro,Kotlin,Servlet,None,Linux,Postgres,Linux,Raw,Realistic
hexagon helidon postgresql,"12,223","34,715","78,224","259,279","479,250","411,650","479,250",100% success rate,Micro,Kotlin,helidon,None,Linux,Postgres,Linux,Raw,Realistic
hexagon helidon native pgclient,"9,322","22,319","62,235","199,200","237,525","249,030","249,030",100% success rate,Micro,Kotlin,helidon,None,Linux,Postgres,Linux,Raw,Realistic
hexagon helidon pgclient,"10,439","26,947","75,818","230,383","372,840","412,437","412,437",100% success rate,Micro,Kotlin,helidon,None,Linux,Postgres,Linux,Raw,Realistic
hexagon-jetty-native,"15,008","34,022","85,172","214,506","297,132","304,414","304,414",100% success rate,Micro,Kotlin,Servlet,None,Linux,Postgres,Linux,Raw,Realistic
hexagon-jettyloom,"14,405","31,305","61,067","202,701","335,104","321,410","335,104",100% success rate,Micro,Kotlin,Servlet,None,Linux,Postgres,Linux,Raw,Realistic
hexagon jetty loom pgclient,"13,717","32,752","78,672","163,862","290,954","350,201","350,201",100% success rate,Micro,Kotlin,Servlet,None,Linux,Postgres,Linux,Raw,Realistic
hexagon netty epoll postgresql,"10,021","22,866","70,847","245,930","469,379","505,747","505,747",100% success rate,Micro,Kotlin,Netty,None,Linux,Postgres,Linux,Raw,Realistic
hexagon netty epoll pgclient,"8,682","23,218","81,153","245,938","394,741","413,220","413,220",100% success rate,Micro,Kotlin,Netty,None,Linux,Postgres,Linux,Raw,Realistic
hexagon tomcat postgresql,"8,068","12,397","20,514","59,064","122,831","232,170","232,170",100% success rate,Micro,Kotlin,Servlet,tomcat,Linux,Postgres,Linux,Raw,Realistic
hono,"11,147","20,778","42,434","123,341","210,892","251,848","251,848",100% success rate,Platform,JavaScript,None,None,Linux,Postgres,Linux,Raw,Realistic
hot-mysql,— Did not complete —,—,Platform,Groovy,Jetty,Jetty,Linux,MySQL,Linux,Raw,Realistic,,,,,,
hserver,"19,408","43,525","97,545","291,682","454,670","482,033","482,033",100% success rate,Fullstack,Java,hserver,hserver,Linux,Postgres,Linux,Full,Realistic
hserver-business,"16,665","38,074","75,251","146,692","204,477","208,027","208,027",100% success rate,Fullstack,Java,hserver-business,hserver-business,Linux,Postgres,Linux,Full,Realistic
http4k,372,745,"1,304","2,611","8,529","11,823","11,823",35% success rate,Micro,Kotlin,sunhttp,None,Linux,Postgres,Linux,Raw,Realistic
http4k-apache4,"11,177","22,797","45,493","244,113","439,794","411,682","439,794",100% success rate,Micro,Kotlin,apache-httpcore,None,Linux,Postgres,Linux,Raw,Realistic
http4k-helidon-jdbc,"9,902","23,229","52,157","191,793","325,908","139,019","325,908",100% success rate,Micro,Kotlin,helidon,None,Linux,Postgres,Linux,Raw,Realistic
http4k-helidon-pgclient,"8,885","19,678","40,955","187,543","228,220","411,728","411,728",100% success rate,Micro,Kotlin,helidon-pgclient,None,Linux,Postgres,Linux,Raw,Realistic
http4k-jetty,"16,585","35,598","82,049","256,162","410,230","378,302","410,230",100% success rate,Micro,Kotlin,Jetty,None,Linux,Postgres,Linux,Raw,Realistic
http4k-jetty11,"16,674","38,204","82,265","235,401","399,006","363,133","399,006",100% success rate,Micro,Kotlin,jetty11,None,Linux,Postgres,Linux,Raw,Realistic
http4k-jetty11loom-jdbc,"13,380","33,466","76,046","234,534","262,546","299,202","299,202",100% success rate,Micro,Kotlin,jetty11-loom-jdbc,None,Linux,Postgres,Linux,Raw,Realistic
http4k-jetty11loom-pgclient,"12,870","30,345","54,339","98,584","121,226","226,763","226,763",100% success rate,Micro,Kotlin,jetty11-loom-pgclient,None,Linux,Postgres,Linux,Raw,Realistic
http4k-jettyloom-jdbc,"12,488","31,752","74,304","237,459","266,900","311,828","311,828",100% success rate,Micro,Kotlin,jetty-loom-jdbc,None,Linux,Postgres,Linux,Raw,Realistic
http4k-jettyloom-pgclient,"12,610","29,811","53,816","100,759","121,947","214,215","214,215",100% success rate,Micro,Kotlin,jetty-loom-pgclient,None,Linux,Postgres,Linux,Raw,Realistic
http4k-ktornetty,"10,190","38,097","67,416","123,120","128,886","129,317","129,317",100% success rate,Micro,Kotlin,ktor,None,Linux,Postgres,Linux,Raw,Realistic
http4k-netty,"11,454","23,010","45,797","231,464","469,223","479,422","479,422",100% success rate,Micro,Kotlin,Netty,None,Linux,Postgres,Linux,Raw,Realistic
http4k-ratpack,"11,111","22,793","39,054","125,518","435,952","483,034","483,034",100% success rate,Micro,Kotlin,Netty,None,Linux,Postgres,Linux,Raw,Realistic
http4k-sunhttploom,373,746,"1,307","2,612","8,401","10,768","10,768",33% success rate,Micro,Kotlin,sunhttp,None,Linux,Postgres,Linux,Raw,Realistic
http4k-undertow,"12,651","34,261","80,235","258,121","379,683","348,458","379,683",100% success rate,Micro,Kotlin,Undertow,None,Linux,Postgres,Linux,Raw,Realistic
http4s,"10,166","28,909","53,688","83,646","84,211","84,814","84,814",100% success rate,Micro,Scala,NIO2,blaze,Linux,Postgres,Linux,Raw,Realistic
httpz (zig),"10,047","16,811","20,542","25,316","25,359","24,883","25,359",100% success rate,Fullstack,zig,None,None,Linux,Postgres,Linux,Raw,Realistic
hummingbird,"10,144","21,843","44,783","55,949","56,812","57,038","57,038",100% success rate,Micro,Swift,None,None,Linux,Postgres,Linux,Raw,Realistic
hyper-db,"11,911","24,377","45,057","532,931","869,844","1,066,644","1,066,644",100% success rate,Micro,Rust,Rust,hyper,Linux,Postgres,Linux,Raw,Realistic
hyperexpress-mysql,"11,557","27,245","75,120","161,798","315,618","292,518","315,618",100% success rate,Micro,JavaScript,nodejs,µws,Linux,MySQL,Linux,Raw,Realistic
hyperexpress-postgres,"11,376","21,332","38,321","119,815","298,015","382,212","382,212",100% success rate,Micro,JavaScript,nodejs,µws,Linux,Postgres,Linux,Raw,Realistic
integrated haskell platfrom (ihp),"7,600","16,860","45,548","90,447","83,186","73,169","90,447",100% success rate,Fullstack,Haskell,Wai,wai,Linux,Postgres,Linux,Full,Realistic
imi,"12,528","25,973","47,722","105,866","141,350","150,165","150,165",100% success rate,Fullstack,PHP,swoole,None,Linux,MySQL,Linux,Full,Realistic
imi-swoole-mysql-raw,"13,284","26,832","51,842","125,421","272,470","306,997","306,997",100% success rate,Micro,PHP,swoole,None,Linux,MySQL,Linux,Raw,Realistic
imi-swoole-pgsql,"13,801","27,504","45,274","108,059","152,447","157,673","157,673",100% success rate,Fullstack,PHP,swoole,None,Linux,Postgres,Linux,Full,Realistic
imi-swoole-pgsql-raw,"7,905","16,293","36,509","99,695","205,970","241,634","241,634",100% success rate,Micro,PHP,swoole,None,Linux,Postgres,Linux,Raw,Realistic
imi-workerman,"10,032","19,207","42,334","107,346","148,647","154,394","154,394",100% success rate,Fullstack,PHP,workerman,None,Linux,MySQL,Linux,Full,Realistic
imi-workerman-mysql-raw,"9,733","18,955","32,878","108,433","280,523","318,732","318,732",100% success rate,Micro,PHP,workerman,None,Linux,MySQL,Linux,Raw,Realistic
imi-workerman-pgsql,"10,792","21,551","46,010","117,308","155,116","160,248","160,248",100% success rate,Fullstack,PHP,workerman,None,Linux,Postgres,Linux,Full,Realistic
imi-workerman-pgsql-raw,"5,447","10,543","21,054","160,295","214,545","236,395","236,395",100% success rate,Micro,PHP,workerman,None,Linux,Postgres,Linux,Raw,Realistic
inverno,"19,092","43,339","92,489","376,988","613,805","798,618","798,618",100% success rate,Micro,Java,inverno,None,Linux,Postgres,Linux,Micro,Realistic
javalin-postgres,"17,022","38,169","85,801","282,928","346,831","342,516","346,831",100% success rate,Micro,Java,Jetty,None,Linux,Postgres,Linux,Raw,Realistic
jawn,"7,889","15,236","23,655","25,693","25,631","26,836","26,836",100% success rate,Fullstack,Java,Undertow,None,Linux,Postgres,Linux,Raw,Realistic
jewelia,"7,759","14,308","17,859","21,082","26,212","27,184","27,184",100% success rate,none,julia,None,http.jl,Linux,MySQL,Linux,Raw,Realistic
jooby,"13,394","37,404","85,912","226,701","267,908","282,879","282,879",100% success rate,Fullstack,Java,Undertow,None,Linux,Postgres,Linux,Raw,Realistic
jooby-jetty,"14,350","36,989","85,051","288,909","459,277","475,422","475,422",100% success rate,Fullstack,Java,Jetty,None,Linux,Postgres,Linux,Raw,Realistic
jooby-jaxrs,"9,919","22,891","50,422","222,371","469,386","475,095","475,095",100% success rate,Fullstack,Java,Undertow,None,Linux,Postgres,Linux,Raw,Realistic
jooby-netty,"10,084","22,681","48,364","238,251","463,971","467,549","467,549",100% success rate,Fullstack,Java,Netty,None,Linux,Postgres,Linux,Raw,Realistic
jooby-pgclient,"9,960","19,937","45,638","420,767","676,192","917,719","917,719",100% success rate,Fullstack,Java,Netty,None,Linux,Postgres,Linux,Raw,Realistic
just-js,"11,869","23,378","43,843","194,100","743,692","982,024","982,024",100% success rate,Platform,JavaScript,just-js,None,Linux,Postgres,Linux,Raw,Realistic
kami,"10,060","20,484","41,392","111,499","170,178","170,743","170,743",100% success rate,Micro,Go,None,None,Linux,MySQL,Linux,Raw,Realistic
kelp,"6,014","16,301","34,860","51,790","50,916","49,548","51,790",100% success rate,Fullstack,Perl,Plack,gazelle,Linux,MySQL,Linux,Raw,Realistic
kelp-gazelle-mongodb,"4,400","11,026","23,931","29,377","29,454","29,578","29,578",100% success rate,Fullstack,Perl,Plack,gazelle,Linux,MongoDB,Linux,Raw,Realistic
kelp-starlet-mongodb,"4,358","10,701","22,293","25,852","25,935","25,939","25,939",100% success rate,Fullstack,Perl,Plack,starlet,Linux,MongoDB,Linux,Raw,Realistic
kelp-starlet-mysql,"5,697","15,422","32,650","45,405","45,509","45,470","45,509",100% success rate,Fullstack,Perl,Plack,starlet,Linux,MySQL,Linux,Raw,Realistic
kelp-starman-mongodb,"4,177","10,404","21,024","23,652","23,539","23,236","23,652",100% success rate,Fullstack,Perl,Plack,starman,Linux,MongoDB,Linux,Raw,Realistic
kelp-starman-mysql,"5,578","15,345","30,852","40,046","40,052","40,140","40,140",100% success rate,Fullstack,Perl,Plack,starman,Linux,MySQL,Linux,Raw,Realistic
kelp-twiggy-mongodb,— Did not complete —,—,Fullstack,Perl,Plack,twiggy,Linux,MongoDB,Linux,Raw,Realistic,,,,,,
kelp-twiggy-mysql,— Did not complete —,—,Fullstack,Perl,Plack,twiggy,Linux,MySQL,Linux,Raw,Realistic,,,,,,
kemal,"13,823","34,016","82,939","218,107","367,633","420,873","420,873",100% success rate,Fullstack,Crystal,None,None,Linux,Postgres,Linux,Micro,Realistic
kit,"12,055","28,589","56,599","82,347","83,014","81,634","83,014",100% success rate,Micro,Clojure,Undertow,None,Linux,Postgres,Linux,Raw,Realistic
koa,"5,143","8,689","14,173","16,455","17,358","17,936","17,936",100% success rate,Micro,JavaScript,nodejs,None,Linux,MongoDB,Linux,Raw,Realistic
koa-mysql,"8,851","14,375","28,566","73,028","89,937","91,079","91,079",100% success rate,Micro,JavaScript,nodejs,None,Linux,MySQL,Linux,Raw,Realistic
koa-postgres,"9,462","15,623","30,913","82,749","104,180","106,354","106,354",100% success rate,Micro,JavaScript,nodejs,None,Linux,Postgres,Linux,Raw,Realistic
kooby,— Did not complete —,—,Fullstack,Kotlin,Undertow,None,Linux,Postgres,Linux,Raw,Realistic,,,,,,
ktor,"8,335","27,520","71,738","174,536","241,701","247,406","247,406",100% success rate,Micro,Kotlin,Netty,None,Linux,Postgres,Linux,Raw,Realistic
ktor-cio,"16,942","35,847","68,814","145,650","138,654","109,146","145,650",100% success rate,Micro,Kotlin,ktor,None,Linux,Postgres,Linux,Raw,Realistic
ktor-netty-exposed-dao,"6,107","18,130","52,915","143,452","169,190","170,856","170,856",100% success rate,Micro,Kotlin,Netty,None,Linux,Postgres,Linux,Full,Realistic
ktor-netty-exposed-dsl,"6,203","18,171","59,988","131,239","174,950","176,292","176,292",100% success rate,Micro,Kotlin,Netty,None,Linux,Postgres,Linux,Full,Realistic
ktor-jasync,"7,628","25,764","68,987","144,921","155,078","154,836","155,078",100% success rate,Fullstack,Kotlin,None,None,Linux,Postgres,Linux,Raw,Realistic
ktor-jetty,"13,194","24,079","25,635","26,031","27,042","28,275","28,275",100% success rate,Micro,Kotlin,Jetty,None,Linux,Postgres,Linux,Raw,Realistic
ktor-pgclient,"8,295","26,012","51,104","69,945","72,394","71,360","72,394",100% success rate,Micro,Kotlin,Netty,None,Linux,Postgres,Linux,Raw,Realistic
ktor-netty-r2dbc,"7,203","20,872","63,543","138,404","203,616","228,396","228,396",100% success rate,Micro,Kotlin,Netty,None,Linux,Postgres,Linux,Raw,Realistic
kumbiaphp,"5,651","12,142","26,180","124,968","134,987","86,070","134,987",100% success rate,Fullstack,PHP,fpm/fastcgi,nginx,Linux,MySQL,Linux,Micro,Realistic
kumbiaphp-raw,"4,658","10,384","29,613","127,001","128,095","81,649","128,095",100% success rate,Fullstack,PHP,fpm/fastcgi,nginx,Linux,MySQL,Linux,Raw,Realistic
kumbiaphp-workerman,"10,897","21,661","44,422","176,887","534,405","589,998","589,998",100% success rate,Fullstack,PHP,workerman,None,Linux,Postgres,Linux,Raw,Realistic
kumbiaphp-workerman-mysql,"9,893","20,147","38,393","143,636","308,804","295,900","308,804",100% success rate,Fullstack,PHP,workerman,None,Linux,MySQL,Linux,Micro,Realistic
lapis,"11,567","20,528","32,823","74,286","154,322","169,518","169,518",100% success rate,Fullstack,Lua,OpenResty,nginx,Linux,Postgres,Linux,Full,Realistic
laravel,"3,268","7,082","13,032","16,253","16,492","16,136","16,492",100% success rate,Fullstack,PHP,fpm/fastcgi,nginx,Linux,MySQL,Linux,Full,Realistic
laravel-laravel-s,"3,981","9,355","11,062","12,494","13,451","14,547","14,547",100% success rate,Fullstack,PHP,swoole,None,Linux,MySQL,Linux,Full,Realistic
laravel-octane [frankenphp],"4,833","9,658","21,151","31,226","32,759","33,824","33,824",100% success rate,Fullstack,PHP,frankenphp,caddy,Linux,MySQL,Linux,Full,Realistic
laravel-roadrunner,"2,815","5,943","7,856","7,745","7,627","7,464","7,856",100% success rate,Fullstack,PHP,roadrunner,None,Linux,MySQL,Linux,Full,Realistic
laravel-swoole,"4,700","9,842","23,708","32,820","34,245","34,294","34,294",100% success rate,Fullstack,PHP,swoole,None,Linux,MySQL,Linux,Full,Realistic
laravel-workerman,"5,935","12,421","25,971","46,113","49,568","49,525","49,568",100% success rate,Fullstack,PHP,workerman,None,Linux,MySQL,Linux,Full,Realistic
h2o,"12,187","25,658","56,745","529,971","854,360","1,226,814","1,226,814",100% success rate,Platform,C,None,h2o,Linux,Postgres,Linux,Raw,Realistic
lithium,"18,773","25,499","43,720","286,538","313,786","309,445","313,786",100% success rate,Micro,C++,None,None,Linux,MySQL,Linux,Full,Realistic
lithium-postgres,"20,118","41,554","78,813","418,667","893,037","1,073,846","1,073,846",100% success rate,Micro,C++,None,None,Linux,Postgres,Linux,Full,Realistic
lithium-postgres-beta,"17,133","41,689","59,390","531,694","899,506","1,068,560","1,068,560",100% success rate,Micro,C++,None,None,Linux,Postgres,Linux,Full,Realistic
lucky,"13,503","29,493","66,459","208,470","398,474","405,144","405,144",100% success rate,Fullstack,Crystal,None,None,Linux,Postgres,Linux,Full,Realistic
lumen,"2,654","4,327","11,030","19,238","19,938","19,435","19,938",100% success rate,Micro,PHP,fpm/fastcgi,nginx,Linux,MySQL,Linux,Full,Realistic
lumen-laravel-s,"4,044","10,169","12,254","14,517","15,465","16,927","16,927",100% success rate,Micro,PHP,swoole,None,Linux,MySQL,Linux,Full,Realistic
lumen-swoole,"5,048","10,249","25,875","38,075","39,797","39,847","39,847",100% success rate,Micro,PHP,swoole,None,Linux,MySQL,Linux,Full,Realistic
lumen-workerman,"6,307","13,272","31,623","58,116","63,541","64,346","64,346",100% success rate,Micro,PHP,workerman,None,Linux,MySQL,Linux,Full,Realistic
luminus,"8,005","17,484","38,847","75,586","74,283","74,328","75,586",100% success rate,Micro,Clojure,Ring,None,Linux,Postgres,Linux,Raw,Realistic
lwan,"9,168","17,540","25,681","36,172","54,073","61,707","61,707",100% success rate,Micro,C,Lwan,lwan,Linux,MySQL,Linux,Raw,Realistic
mako,"4,117","7,883","23,444","58,294","59,580","54,814","59,580",100% success rate,Fullstack,PHP,fpm/fastcgi,nginx,Linux,MySQL,Linux,Full,Realistic
may-minihttp,"12,120","24,165","48,223","657,516","934,187","1,327,378","1,327,378",100% success rate,Micro,Rust,Rust,may-minihttp,Linux,Postgres,Linux,Raw,Realistic
mesh,"9,811","23,639","49,660","139,114","236,748","277,627","277,627",100% success rate,Platform,JavaScript,None,None,Linux,MongoDB,Linux,Raw,Realistic
mesh,"10,542","19,886","33,965","56,211","102,236","326,198","326,198",100% success rate,Platform,JavaScript,None,None,Linux,Postgres,Linux,Raw,Realistic
microdot,"5,499","10,178","15,661","26,012","29,471","29,394","29,471",100% success rate,Micro,Python,None,uvicorn,Linux,Postgres,Linux,Full,Realistic
microdot-raw,"6,223","10,323","17,353","43,228","74,977","79,200","79,200",100% success rate,Micro,Python,None,uvicorn,Linux,Postgres,Linux,Full,Realistic
micronaut,"11,702","23,873","45,964","238,928","563,907","660,238","660,238",100% success rate,Micro,Java,Netty,netty,Linux,Postgres,Linux,Raw,Realistic
micronaut data jdbc,"11,231","22,672","46,074","220,172","469,565","487,588","487,588",100% success rate,Fullstack,Java,Netty,netty,Linux,Postgres,Linux,Micro,Realistic
micronaut data jdbc graalvm,"10,733","20,090","33,785","147,898","218,274","227,166","227,166",100% success rate,Fullstack,Java,Netty,netty,Linux,Postgres,Linux,Micro,Realistic
micronaut data mongodb,"9,142","19,071","39,362","190,806","125,175","116,881","190,806",100% success rate,Fullstack,Java,Netty,netty,Linux,MongoDB,Linux,Micro,Realistic
micronaut data mongodb graalvm,"8,835","16,113","28,876","96,377","118,313","126,340","126,340",100% success rate,Fullstack,Java,Netty,netty,Linux,MongoDB,Linux,Micro,Realistic
micronaut vertx pg client graalvm,"11,244","20,481","37,388","176,716","275,754","304,829","304,829",100% success rate,Micro,Java,Netty,netty,Linux,Postgres,Linux,Raw,Realistic
micronaut jdbc,"11,177","23,420","46,871","224,617","543,130","560,026","560,026",100% success rate,Micro,Java,Netty,netty,Linux,Postgres,Linux,Raw,Realistic
micronaut jdbc graalvm,"10,812","20,677","35,700","174,682","264,562","275,938","275,938",100% success rate,Micro,Java,Netty,netty,Linux,Postgres,Linux,Raw,Realistic
micronaut r2dbc,"8,213","16,882","34,263","169,981","300,859","340,377","340,377",100% success rate,Micro,Java,Netty,netty,Linux,Postgres,Linux,Raw,Realistic
micronaut r2dbc graalvm,"7,823","13,519","27,700","97,100","153,698","139,158","153,698",100% success rate,Micro,Java,Netty,netty,Linux,Postgres,Linux,Raw,Realistic
minijax,"6,472","10,330","18,515","36,905","41,927","30,476","41,927",100% success rate,Fullstack,Java,JAX-RS,Undertow,Linux,MySQL,Linux,Full,Realistic
mixphp,"5,396","11,662","28,334","94,574","103,088","74,757","103,088",100% success rate,Fullstack,PHP,fpm/fastcgi,nginx,Linux,MySQL,Linux,Micro,Realistic
mixphp-swoole-mysql,"10,100","18,960","34,588","87,400","299,652","296,790","299,652",100% success rate,Fullstack,PHP,swoole,None,Linux,MySQL,Linux,Micro,Realistic
mixphp-workerman-mysql,"9,763","20,196","42,138","134,318","309,919","297,849","309,919",100% success rate,Fullstack,PHP,workerman,None,Linux,MySQL,Linux,Micro,Realistic
mixphp-workerman-pgsql,"11,238","22,848","42,066","195,160","537,834","602,492","602,492",100% success rate,Fullstack,PHP,workerman,None,Linux,Postgres,Linux,Raw,Realistic
mojolicious,"5,689","12,749","17,426","23,172","24,717","25,759","25,759",100% success rate,Fullstack,Perl,None,Hypnotoad,Linux,Postgres,Linux,Raw,Realistic
morepath,"6,009","10,583","16,319","35,858","37,153","37,853","37,853",100% success rate,Micro,Python,Meinheld,Gunicorn,Linux,Postgres,Linux,Full,Realistic
mormot [orm],"12,200","25,433","51,399","267,682","551,326","785,792","785,792",100% success rate,Fullstack,pascal,None,None,Linux,Postgres,Linux,Full,Realistic
mormot [async],"12,333","21,786","31,379","60,756","122,927","395,326","395,326",100% success rate,Fullstack,pascal,None,None,Linux,Postgres,Linux,Raw,Realistic
mormot [direct],"12,135","25,040","50,037","242,799","650,812","953,865","953,865",100% success rate,Fullstack,pascal,None,None,Linux,Postgres,Linux,Raw,Realistic
nestjs,"8,371","17,159","36,340","60,702","73,842","82,444","82,444",100% success rate,Micro,typescript,nodejs,None,Linux,Postgres,Linux,Full,Realistic
nestjs-fastify,"9,999","20,960","50,413","111,303","155,215","160,502","160,502",100% success rate,Micro,typescript,nodejs,None,Linux,Postgres,Linux,Full,Realistic
nestjs-fastify-mongo,"8,551","18,604","45,827","106,385","149,316","154,313","154,313",100% success rate,Micro,typescript,nodejs,None,Linux,MongoDB,Linux,Full,Realistic
nestjs-fastify-mysql,"9,804","20,102","46,828","107,100","152,011","155,180","155,180",100% success rate,Micro,typescript,nodejs,None,Linux,MySQL,Linux,Full,Realistic
nestjs-mongo,"7,475","15,698","33,548","55,435","68,764","71,774","71,774",100% success rate,Micro,typescript,nodejs,None,Linux,MongoDB,Linux,Full,Realistic
nestjs-mysql,"8,012","16,641","35,806","59,182","71,710","80,741","80,741",100% success rate,Micro,typescript,nodejs,None,Linux,MySQL,Linux,Full,Realistic
nette,"4,062","9,093","15,892","18,035","17,927","17,236","18,035",100% success rate,Fullstack,PHP,fpm/fastcgi,nginx,Linux,MySQL,Linux,Full,Realistic
ninja-standalone,"6,381","15,607","32,192","40,323","39,507","39,422","40,323",100% success rate,Fullstack,Java,Jetty,None,Linux,MySQL,Linux,Full,Realistic
nodejs-mongodb-raw,"10,432","23,915","54,165","119,193","180,432","189,238","189,238",100% success rate,Platform,JavaScript,nodejs,None,Linux,MongoDB,Linux,Raw,Realistic
nodejs-mysql,"9,204","15,207","30,564","91,124","124,123","126,700","126,700",100% success rate,Platform,JavaScript,nodejs,None,Linux,MySQL,Linux,Full,Realistic
nodejs-mysql-raw,"9,912","19,364","35,570","79,812","192,577","206,546","206,546",100% success rate,Platform,JavaScript,nodejs,None,Linux,MySQL,Linux,Raw,Realistic
nodejs-postgresjs-raw,"11,311","20,697","43,422","141,216","237,842","283,445","283,445",100% success rate,Platform,JavaScript,nodejs,None,Linux,Postgres,Linux,Raw,Realistic
nodejs-postgres,— Did not complete —,—,Platform,JavaScript,nodejs,None,Linux,Postgres,Linux,Full,Realistic,,,,,,
cppcms,"7,760","14,375","15,356","15,514","15,421","15,346","15,514",100% success rate,Platform,C++,None,None,Linux,MySQL,Linux,Raw,Realistic
cppcms-postgres,"10,972","15,701","16,077","16,234","16,232","16,161","16,234",100% success rate,Platform,C++,None,None,Linux,Postgres,Linux,Raw,Realistic
crystal,"13,761","34,172","82,422","230,979","382,071","427,816","427,816",100% success rate,Platform,Crystal,None,None,Linux,Postgres,Linux,Raw,Realistic
crystal-radix,"13,649","32,985","78,159","204,005","341,595","429,637","429,637",100% success rate,Platform,Crystal,None,None,Linux,Postgres,Linux,Raw,Realistic
fasthttp,"12,286","24,801","54,283","266,953","441,602","422,490","441,602",100% success rate,Platform,Go,None,None,Linux,Postgres,Linux,Raw,Realistic
fasthttp-prefork,"13,416","25,411","54,495","330,788","730,722","959,399","959,399",100% success rate,Platform,Go,None,None,Linux,Postgres,Linux,Raw,Realistic
fastwsgi [asgi],"5,956","12,423","23,247","51,641","111,037","174,439","174,439",100% success rate,Micro,Python,asgi,fastwsgi,Linux,Postgres,Linux,Raw,Realistic
http-kit,"6,365","8,175","9,465","12,987","20,704","30,963","30,963",100% success rate,Platform,Clojure,Ring,None,Linux,MySQL,Linux,Micro,Realistic
http-kit-raw,"6,982","8,202","9,417","11,874","14,041","16,281","16,281",100% success rate,Platform,Clojure,Ring,None,Linux,MySQL,Linux,Raw,Realistic
httpserver-postgres,380,763,"1,338","2,670","6,331","9,540","9,540",31% success rate,Platform,Java,httpserver,None,Linux,Postgres,Linux,Raw,Realistic
httpserver-robaho-postgres,381,763,"1,335","2,665","5,341","11,974","11,974",100% success rate,Platform,Java,httpserver,None,Linux,Postgres,Linux,Raw,Realistic
jlhttp-postgres,"11,682","23,514","47,640","171,964","256,205","259,015","259,015",100% success rate,Platform,Java,JLHTTP,None,Linux,Postgres,Linux,Raw,Realistic
light-4j,"12,949","35,796","88,337","229,781","248,539","257,463","257,463",100% success rate,Platform,Java,light-4j,None,Linux,Postgres,Linux,Raw,Realistic
peachpie,"3,501","8,197","44,089","62,485","66,236","67,419","67,419",100% success rate,Platform,PHP,.NET,kestrel,Linux,MySQL,Linux,Raw,Realistic
servlet-mysql,"9,023","14,958","28,199","35,301","48,020","97,127","97,127",100% success rate,Platform,Java,Servlet,Resin,Linux,MySQL,Linux,Raw,Realistic
servlet-postgresql,"11,981","21,399","27,054","28,353","33,495","56,648","56,648",100% success rate,Platform,Java,Servlet,Resin,Linux,Postgres,Linux,Raw,Realistic
tornado,"4,382","8,083","12,493","17,671","19,389","18,930","19,389",100% success rate,Platform,Python,None,Tornado,Linux,MongoDB,Linux,Raw,Realistic
tornado-py3,"3,763","7,023","12,621","23,224","25,372","26,849","26,849",100% success rate,Platform,Python,None,Tornado,Linux,MongoDB,Linux,Raw,Realistic
tornado-py3-uvloop,"5,575","10,594","18,706","36,339","45,550","47,629","47,629",100% success rate,Platform,Python,None,Tornado,Linux,Postgres,Linux,Raw,Realistic
undertow-postgresql,"14,267","38,365","89,415","264,063","278,539","282,318","282,318",100% success rate,Platform,Java,Undertow,None,Linux,Postgres,Linux,Raw,Realistic
cherrypy-py3,— Did not complete —,—,Micro,Python,None,None,Linux,MySQL,Linux,Full,Realistic,,,,,,
"ntex [tokio,db]","11,533","23,917","46,926","597,426","874,526","1,210,348","1,210,348",100% success rate,Micro,Rust,None,ntex,Linux,Postgres,Linux,Raw,Realistic
"ntex [compio,db]","12,991","25,985","50,564","602,804","893,474","1,197,351","1,197,351",100% success rate,Micro,Rust,None,ntex,Linux,Postgres,Linux,Raw,Realistic
officefloor,"6,369","13,166","25,341","46,488","52,749","51,360","52,749",100% success rate,Fullstack,Java,officefloor,woof,Linux,Postgres,Linux,Full,Realistic
officefloor-async,"8,607","11,933","13,414","14,428","9,731","14,331","14,428",100% success rate,Fullstack,Java,officefloor,woof,Linux,Postgres,Linux,Raw,Realistic
officefloor-micro,"9,363","20,118","35,537","45,303","41,972","45,435","45,435",100% success rate,Fullstack,Java,officefloor,woof,Linux,Postgres,Linux,Raw,Realistic
officefloor-netty,"5,882","8,276","8,011","7,993","8,691","13,608","13,608",100% success rate,Fullstack,Java,officefloor,netty,Linux,Postgres,Linux,Full,Realistic
officefloor-r2dbc,"8,540","17,258","34,399","208,735","333,529","358,765","358,765",100% success rate,Platform,Java,officefloor,woof,Linux,Postgres,Linux,Raw,Realistic
officefloor-rawsqlclient,"11,569","23,447","46,985","418,965","693,919","911,341","911,341",100% success rate,Platform,Java,officefloor,woof,Linux,Postgres,Linux,Raw,Realistic
officefloor-spring_data,605,615,616,612,621,620,621,100% success rate,Fullstack,Java,officefloor,woof,Linux,Postgres,Linux,Full,Realistic
officefloor-sqlclient,"11,795","23,550","46,520","419,554","684,405","911,243","911,243",100% success rate,Platform,Java,officefloor,woof,Linux,Postgres,Linux,Raw,Realistic
officefloor-thread_affinity,"11,109","22,427","40,377","133,758","210,316","194,384","210,316",100% success rate,Fullstack,Java,officefloor,woof,Linux,Postgres,Linux,Raw,Realistic
officefloor-undertow,"6,686","8,991","10,224","12,031","62,906","79,541","79,541",100% success rate,Fullstack,Java,officefloor,Undertow,Linux,Postgres,Linux,Full,Realistic
officefloor-vertx,"6,367","13,263","24,999","38,372","37,261","36,538","38,372",100% success rate,Fullstack,Java,officefloor,vertx,Linux,Postgres,Linux,Full,Realistic
ohkami,"8,685","17,869","30,110","30,425","30,834","31,256","31,256",100% success rate,Micro,Rust,None,ohkami,Linux,Postgres,Linux,Raw,Realistic
one,"10,136","24,253","60,059","176,418","254,918","277,187","277,187",100% success rate,Fullstack,PHP,swoole,None,Linux,MySQL,Linux,Full,Realistic
one-no-coroutine,"6,307","14,112","31,486","174,050","238,332","249,704","249,704",100% success rate,Fullstack,PHP,swoole,None,Linux,MySQL,Linux,Full,Realistic
openresty,"10,026","21,572","39,712","138,698","304,355","292,556","304,355",100% success rate,Platform,Lua,OpenResty,nginx,Linux,MySQL,Linux,Raw,Realistic
openswoole,"6,771","15,049","33,924","203,934","273,421","282,634","282,634",100% success rate,Platform,PHP,openswoole,None,Linux,MySQL,Linux,Raw,Realistic
openswoole no-async,"9,823","17,837","37,496","146,935","322,119","316,485","322,119",100% success rate,Platform,PHP,openswoole,None,Linux,MySQL,Linux,Raw,Realistic
openswoole postgres,"9,982","24,540","73,359","187,945","193,428","197,258","197,258",100% success rate,Platform,PHP,openswoole,None,Linux,Postgres,Linux,Raw,Realistic
otavia,"11,765","24,311","50,372","221,068","560,076","588,031","588,031",100% success rate,Micro,Scala,otavia,None,Linux,Postgres,Linux,Micro,Realistic
otavia,"11,791","24,410","51,766","249,957","547,791","579,058","579,058",100% success rate,Micro,Scala,otavia,None,Linux,Postgres,Linux,Micro,Realistic
oxpecker,"12,922","20,641","56,191","199,026","600,754","662,119","662,119",100% success rate,Micro,f#,.NET,kestrel,Linux,Postgres,Linux,Raw,Realistic
padrino,"2,393","2,377","2,419","2,525","2,524","2,554","2,554",100% success rate,Micro,Ruby,Rack,Puma,Linux,MySQL,Linux,Full,Realistic
padrino-unicorn,"5,292","10,184","15,264","17,335","17,416","17,395","17,416",100% success rate,Micro,Ruby,Rack,Unicorn,Linux,MySQL,Linux,Full,Realistic
panther,"7,797","15,140","27,079","75,660","139,355","155,130","155,130",100% success rate,Micro,Python,asgi,uvicorn,Linux,Postgres,Linux,Raw,Realistic
paozhu,— Did not complete —,—,Fullstack,C++,None,None,Linux,MySQL,Linux,Micro,Realistic,,,,,,
pedestal,"8,043","19,918","54,822","113,057","117,944","118,287","118,287",100% success rate,Micro,Clojure,Jetty,None,Linux,MySQL,Linux,Micro,Realistic
pekko-http,"8,382","24,200","56,732","141,899","205,784","212,473","212,473",100% success rate,Micro,Scala,pekko,None,Linux,MySQL,Linux,Raw,Realistic
pellet,"9,596","21,901","40,263","66,451","89,240","154,280","154,280",100% success rate,Micro,Kotlin,None,None,Linux,Postgres,Linux,Micro,Realistic
phalcon,"5,351","9,405","19,780","40,917","41,986","38,955","41,986",100% success rate,Fullstack,PHP,fpm/fastcgi,nginx,Linux,MySQL,Linux,Raw,Realistic
phalcon-micro,"5,917","11,205","25,985","72,632","80,066","70,773","80,066",100% success rate,Micro,PHP,fpm/fastcgi,nginx,Linux,MySQL,Linux,Raw,Realistic
phalcon-mongodb,"6,419","11,737","23,398","45,563","45,846","42,507","45,846",100% success rate,Fullstack,PHP,fpm/fastcgi,nginx,Linux,MongoDB,Linux,Raw,Realistic
phoenix,"13,768","29,749","62,003","136,663","168,507","175,738","175,738",100% success rate,Fullstack,Elixir,beam,bandit,Linux,Postgres,Linux,Full,Realistic
php,"4,949","10,734","31,854","146,187","139,963","90,928","146,187",100% success rate,Platform,PHP,fpm/fastcgi,nginx,Linux,MySQL,Linux,Raw,Realistic
php-caddyserver,"7,563","16,530","31,520","50,679","62,662","69,082","69,082",100% success rate,Platform,PHP,fpm/fastcgi,caddy,Linux,MySQL,Linux,Raw,Realistic
php-eloquent,"3,624","7,581","16,073","55,258","61,412","56,199","61,412",100% success rate,Platform,PHP,fpm/fastcgi,nginx,Linux,MySQL,Linux,Full,Realistic
php-frankenphp,"7,519","17,809","34,739","75,472","108,225","129,068","129,068",100% success rate,Platform,PHP,frankenphp,caddy,Linux,MySQL,Linux,Raw,Realistic
php-h2o,"5,460","15,379","60,007","145,560","139,688","92,714","145,560",100% success rate,Platform,PHP,fpm/fastcgi,h2o,Linux,MySQL,Linux,Raw,Realistic
php-pgsql-raw,"4,859","10,041","23,477","157,461","146,993","91,942","157,461",100% success rate,Platform,PHP,fpm/fastcgi,nginx,Linux,Postgres,Linux,Raw,Realistic
php-pools,"4,958","10,580","34,906","146,431","137,936","87,899","146,431",100% success rate,Platform,PHP,fpm/fastcgi,nginx,Linux,MySQL,Linux,Raw,Realistic
php-raw7-tcp,"4,891","10,716","29,181","144,954","142,273","97,011","144,954",100% success rate,Platform,PHP,fpm/fastcgi,nginx,Linux,MySQL,Linux,Raw,Realistic
php-unit,"6,635","12,862","21,305","42,305","90,255","97,131","97,131",100% success rate,Platform,PHP,unit nginx,None,Linux,MySQL,Linux,Raw,Realistic
php-workerman,"5,437","12,787","27,122","173,481","247,986","272,246","272,246",100% success rate,Platform,PHP,workerman,None,Linux,MySQL,Linux,Raw,Realistic
php-ngx-mysql,"10,496","21,852","43,882","116,033","303,608","296,755","303,608",100% success rate,Platform,PHP,ngx_php,nginx,Linux,MySQL,Linux,Raw,Realistic
php-ngx-pgsql,"11,418","24,480","44,008","131,465","637,831","785,961","785,961",100% success rate,Platform,PHP,ngx_php,nginx,Linux,Postgres,Linux,Raw,Realistic
phpixie,"6,683","15,354","23,035","27,494","28,060","27,545","28,060",100% success rate,Fullstack,PHP,fpm/fastcgi,nginx,Linux,MySQL,Linux,Full,Realistic
pippo-jetty-mongodb,"11,266","11,397","11,541","30,234","31,409","31,180","31,409",100% success rate,Micro,Java,Jetty,None,Linux,MongoDB,Linux,Raw,Realistic
pippo-jetty-mysql,"10,414","10,732","10,972","28,013","29,467","29,357","29,467",100% success rate,Micro,Java,Jetty,None,Linux,MySQL,Linux,Raw,Realistic
pippo-jetty-postgres,"11,493","11,713","11,452","30,226","31,140","30,835","31,140",100% success rate,Micro,Java,Jetty,None,Linux,Postgres,Linux,Raw,Realistic
pippo-tomcat-mongodb,"6,710","6,450","6,621","8,148","30,031","30,833","30,833",100% success rate,Micro,Java,tomcat,None,Linux,MongoDB,Linux,Raw,Realistic
pippo-tomcat-mysql,"6,839","6,478","6,569","7,906","25,888","30,152","30,152",100% success rate,Micro,Java,tomcat,None,Linux,MySQL,Linux,Raw,Realistic
pippo-tomcat-postgres,"7,107","6,711","6,963","8,690","28,241","32,714","32,714",100% success rate,Micro,Java,tomcat,None,Linux,Postgres,Linux,Raw,Realistic
pippo-undertow-mongodb,"6,564","6,176","5,990","6,678","30,665","28,356","30,665",100% success rate,Micro,Java,Undertow,None,Linux,MongoDB,Linux,Raw,Realistic
pippo-undertow-mysql,"6,704","6,244","6,068","7,296","31,067","28,255","31,067",100% success rate,Micro,Java,Undertow,None,Linux,MySQL,Linux,Raw,Realistic
pippo-undertow-postgres,"6,702","6,184","6,506","6,446","32,226","29,788","32,226",100% success rate,Micro,Java,Undertow,None,Linux,Postgres,Linux,Raw,Realistic
play2-java-ebean-hikaricp,"3,448","8,644","28,490","50,303","52,798","55,503","55,503",100% success rate,Fullstack,Java,Akka,None,Linux,MySQL,Linux,Full,Realistic
play2-java-ebean-hikaricp-netty,"3,333","8,586","42,451","78,841","83,216","80,235","83,216",100% success rate,Fullstack,Java,Netty,None,Linux,MySQL,Linux,Full,Realistic
play2-java-jooq-hikaricp,"4,778","11,730","32,550","66,421","69,687","70,080","70,080",100% success rate,Fullstack,Java,Akka,None,Linux,MySQL,Linux,Full,Realistic
play2-java-jooq-hikaricp-netty,"4,488","10,749","35,004","73,733","79,389","80,672","80,672",100% success rate,Fullstack,Java,Netty,None,Linux,MySQL,Linux,Full,Realistic
play2-java-jpa-hikaricp,"5,970","14,472","33,987","60,081","64,113","67,052","67,052",100% success rate,Fullstack,Java,Akka,None,Linux,MySQL,Linux,Full,Realistic
play2-java-jpa-hikaricp-netty,"5,632","13,299","34,994","74,263","81,664","77,237","81,664",100% success rate,Fullstack,Java,Netty,None,Linux,MySQL,Linux,Full,Realistic
play2-scala-anorm,"5,973","14,254","33,271","53,388","38,042","37,952","53,388",100% success rate,Fullstack,Scala,Akka,None,Linux,MySQL,Linux,Full,Realistic
play2-scala-anorm-netty,"5,559","12,833","35,579","57,502","38,944","38,800","57,502",100% success rate,Fullstack,Scala,Netty,None,Linux,MySQL,Linux,Full,Realistic
play2-scala-slick,"5,779","11,173","24,104","37,458","41,858","42,832","42,832",100% success rate,Fullstack,Scala,Akka,None,Linux,MySQL,Linux,Full,Realistic
play2-scala-slick-netty,"5,404","8,787","24,785","36,427","42,639","43,382","43,382",100% success rate,Fullstack,Scala,Netty,None,Linux,MySQL,Linux,Full,Realistic
elixir-plug-ecto,"13,070","25,158","50,510","16,992","47,861","78,286","78,286",100% success rate,Micro,Elixir,beam,cowboy,Linux,Postgres,Linux,Full,Realistic
plumber,— Did not complete —,—,Fullstack,r,None,None,Linux,Postgres,Linux,Raw,Realistic,,,,,,
proteus,"10,195","20,614","36,688","94,227","577,115","628,695","628,695",100% success rate,Micro,Java,Undertow,None,Linux,Postgres,Linux,Raw,Realistic
proteus-mysql,"5,178","10,805","20,041","50,847","189,463","207,086","207,086",100% success rate,Micro,Java,Undertow,None,Linux,MySQL,Linux,Raw,Realistic
pyramid,"5,136","9,182","15,837","31,769","31,283","30,941","31,769",100% success rate,Fullstack,Python,None,Meinheld,Linux,Postgres,Linux,Full,Realistic
quarkus,"9,533","20,256","45,580","253,456","431,464","422,793","431,464",100% success rate,Fullstack,Java,resteasy reactive,vert.x,Linux,Postgres,Linux,Full,Realistic
"quarkus, reactive","11,231","22,324","44,493","171,147","396,223","348,668","396,223",100% success rate,Fullstack,Java,resteasy reactive,vert.x,Linux,Postgres,Linux,Full,Realistic
"quarkus, postgresql","11,703","24,172","48,503","522,309","771,072","916,813","916,813",100% success rate,Fullstack,Java,vert.x,vert.x,Linux,Postgres,Linux,Raw,Realistic
"quarkus, vert.x","11,897","24,477","49,788","541,094","805,709","1,028,408","1,028,408",100% success rate,Micro,Java,vert.x,vert.x,Linux,Postgres,Linux,Raw,Realistic
agoo,"8,121","11,149","12,952","36,835","93,290","159,551","159,551",100% success rate,Micro,Ruby,Rack,agoo,Linux,Postgres,Linux,Raw,Realistic
rack-puma-mri-sequel-raw,"15,134","30,058","67,934","143,792","170,600","134,320","170,600",100% success rate,Micro,Ruby,mri,Puma,Linux,Postgres,Linux,Raw,Realistic
rack-falcon-mri-sequel-raw,"14,710","29,194","49,360","115,620","189,511","206,317","206,317",100% success rate,Micro,Ruby,mri,falcon,Linux,Postgres,Linux,Raw,Realistic
rack-iodine-mri-sequel-raw,"11,007","19,050","31,249","81,827","179,794","239,863","239,863",100% success rate,Micro,Ruby,mri,iodine,Linux,Postgres,Linux,Raw,Realistic
rack-puma-jruby-sequel-raw,"13,208","27,106","46,666","59,571","59,082","54,222","59,571",100% success rate,Micro,Ruby,jruby,Puma,Linux,Postgres,Linux,Raw,Realistic
rack-sequel,"9,836","21,311","58,073","130,726","137,847","123,156","137,847",100% success rate,Micro,Ruby,Rack,Puma,Linux,MySQL,Linux,Micro,Realistic
rack-sequel-passenger-mri,"10,530","23,476","50,479","71,911","71,037","70,516","71,911",100% success rate,Micro,Ruby,Rack,Passenger,Linux,MySQL,Linux,Micro,Realistic
rack-sequel-postgres,"9,949","22,448","60,064","135,942","146,719","132,782","146,719",100% success rate,Micro,Ruby,Rack,Puma,Linux,Postgres,Linux,Micro,Realistic
rack-sequel-postgres-passenger-mri,"10,871","25,422","50,758","72,732","72,208","71,300","72,732",100% success rate,Micro,Ruby,Rack,Passenger,Linux,Postgres,Linux,Micro,Realistic
rack-sequel-postgres-unicorn-mri,"12,875","32,396","65,297","116,114","119,761","122,204","122,204",100% success rate,Micro,Ruby,Rack,Unicorn,Linux,Postgres,Linux,Micro,Realistic
rack-sequel-unicorn-mri,"11,878","32,203","63,566","115,968","118,136","120,721","120,721",100% success rate,Micro,Ruby,Rack,Unicorn,Linux,MySQL,Linux,Micro,Realistic
rack-unicorn-mri-sequel-raw,"13,462","35,381","74,451","102,140","101,649","107,051","107,051",100% success rate,Micro,Ruby,mri,Unicorn,Linux,Postgres,Linux,Raw,Realistic
racket,"12,470","26,579","41,897","46,098","57,736","56,751","57,736",100% success rate,Micro,racket,racket,racket,Linux,Postgres,Linux,Raw,Realistic
rage,"9,062","16,295","33,004","71,937","100,551","104,074","104,074",100% success rate,Micro,Ruby,Rack,rage-iodine,Linux,Postgres,Linux,Full,Realistic
rage-sequel,"10,688","19,594","37,365","92,405","153,132","170,255","170,255",100% success rate,Micro,Ruby,Rack,rage-iodine,Linux,Postgres,Linux,Full,Realistic
rails,"8,310","16,624","31,879","42,546","40,009","40,160","42,546",100% success rate,Fullstack,Ruby,Rack,Puma,Linux,Postgres,Linux,Full,Realistic
rails-falcon,"9,784","17,510","25,287","39,327","40,615","39,389","40,615",100% success rate,Fullstack,Ruby,Rack,falcon,Linux,Postgres,Linux,Full,Realistic
rails-iodine,"8,619","15,342","27,591","44,460","47,778","47,968","47,968",100% success rate,Fullstack,Ruby,Rack,iodine,Linux,Postgres,Linux,Full,Realistic
rails-mysql,"7,753","15,059","29,100","43,276","41,715","41,859","43,276",100% success rate,Fullstack,Ruby,Rack,Puma,Linux,MySQL,Linux,Full,Realistic
rapidoid-mysql,"11,397","23,824","55,074","160,744","226,630","234,842","234,842",100% success rate,Platform,Java,Rapidoid,None,Linux,MySQL,Linux,Micro,Realistic
rapidoid-postgres,"14,962","29,704","53,173","217,365","298,243","309,646","309,646",100% success rate,Platform,Java,Rapidoid,None,Linux,Postgres,Linux,Micro,Realistic
revenj,"4,217","7,674","18,462","29,070","28,133","26,785","29,070",100% success rate,Fullstack,C#,None,None,Linux,Postgres,Linux,Full,Realistic
revenj-jvm,"11,095","22,667","45,090","151,454","218,865","205,194","218,865",100% success rate,Fullstack,Java,Servlet,Resin,Linux,Postgres,Linux,Full,Realistic
ringojs-convenient,"3,744","6,592","11,861","14,079","13,739","13,803","14,079",100% success rate,Micro,JavaScript,RingoJs,None,Linux,MySQL,Linux,Micro,Realistic
ripple,"7,311","17,047","39,751","142,900","188,685","192,245","192,245",100% success rate,Fullstack,PHP,ripple,None,Linux,MySQL,Linux,Raw,Realistic
roa-diesel,"5,798","12,683","30,334","102,174","101,776","104,153","104,153",100% success rate,Micro,Rust,None,hyper,Linux,Postgres,Linux,Full,Realistic
roa-pg,"11,158","24,017","45,149","77,262","104,306","109,102","109,102",100% success rate,Micro,Rust,None,hyper,Linux,Postgres,Linux,Raw,Realistic
roa-sqlx,"8,889","9,917","10,445","10,145","10,616","10,772","10,772",100% success rate,Micro,Rust,None,hyper,Linux,Postgres,Linux,Raw,Realistic
rocket,"9,357","19,541","36,242","82,910","199,819","220,494","220,494",100% success rate,Fullstack,Rust,Rust,hyper,Linux,Postgres,Linux,Full,Realistic
roda-sequel,"9,639","20,949","53,584","114,682","123,492","110,408","123,492",100% success rate,Micro,Ruby,Rack,Puma,Linux,MySQL,Linux,Full,Realistic
roda-sequel-postgres,"10,006","22,046","56,480","128,357","134,120","121,318","134,120",100% success rate,Micro,Ruby,Rack,Puma,Linux,Postgres,Linux,Full,Realistic
roda-sequel-postgres-iodine-mri,"9,795","20,674","37,637","105,301","161,966","165,711","165,711",100% success rate,Micro,Ruby,Rack,iodine,Linux,Postgres,Linux,Full,Realistic
roda-sequel-postgres-unicorn-mri,"12,126","30,532","63,205","110,246","113,531","113,012","113,531",100% success rate,Micro,Ruby,Rack,Unicorn,Linux,Postgres,Linux,Full,Realistic
salvo [postgres-diesel],"11,431","20,050","34,005","32,139","30,975","32,297","34,005",100% success rate,Micro,Rust,Rust,hyper,Linux,Postgres,Linux,Raw,Realistic
salvo [mongodb],"9,489","18,260","36,024","136,294","238,031","310,057","310,057",100% success rate,Micro,Rust,Rust,hyper,Linux,MongoDB,Linux,Raw,Realistic
salvo [postgres],"11,866","24,669","48,515","394,467","724,980","969,747","969,747",100% success rate,Micro,Rust,Rust,hyper,Linux,Postgres,Linux,Raw,Realistic
salvo [postgres-deadpool],"9,687","19,932","26,240","26,349","26,481","26,782","26,782",100% success rate,Micro,Rust,Rust,hyper,Linux,Postgres,Linux,Raw,Realistic
salvo [postgres-sqlx],"7,444","16,385","31,017","31,980","31,248","32,289","32,289",100% success rate,Micro,Rust,Rust,hyper,Linux,Postgres,Linux,Raw,Realistic
sanic,"6,685","11,401","19,592","51,527","103,156","114,838","114,838",100% success rate,Micro,Python,None,None,Linux,Postgres,Linux,Raw,Realistic
saphir,"10,373","20,150","36,677","43,585","44,365","43,277","44,365",100% success rate,Micro,Rust,None,None,Linux,MongoDB,Linux,Raw,Realistic
simps,"13,504","29,826","66,696","222,919","308,361","303,376","308,361",100% success rate,Micro,PHP,swoole,None,Linux,MySQL,Linux,Raw,Realistic
sinatra,"8,794","16,792","35,759","61,975","60,850","54,529","61,975",100% success rate,Micro,Ruby,Rack,Puma,Linux,MySQL,Linux,Full,Realistic
sinatra-postgres,"9,745","19,253","41,683","62,545","61,981","56,007","62,545",100% success rate,Micro,Ruby,Rack,Puma,Linux,Postgres,Linux,Full,Realistic
sinatra-postgres-passenger-mri,"9,240","17,293","34,076","40,039","39,985","40,007","40,039",100% success rate,Micro,Ruby,Rack,Passenger,Linux,Postgres,Linux,Full,Realistic
sinatra-postgres-unicorn-mri,"11,431","26,657","46,900","62,389","62,389","62,413","62,413",100% success rate,Micro,Ruby,Rack,Unicorn,Linux,Postgres,Linux,Full,Realistic
sinatra-sequel,"9,556","18,636","50,136","95,265","100,172","89,288","100,172",100% success rate,Micro,Ruby,Rack,Puma,Linux,MySQL,Linux,Full,Realistic
sinatra-sequel-postgres,"9,869","20,616","51,490","100,361","102,637","92,504","102,637",100% success rate,Micro,Ruby,Rack,Puma,Linux,Postgres,Linux,Full,Realistic
sinatra-sequel-postgres-iodine-mri,"7,218","12,549","22,966","43,928","48,572","48,665","48,665",100% success rate,Micro,Ruby,Rack,iodine,Linux,Postgres,Linux,Full,Realistic
sinatra-sequel-postgres-passenger-mri,"9,862","21,585","42,405","57,287","57,008","56,853","57,287",100% success rate,Micro,Ruby,Rack,Passenger,Linux,Postgres,Linux,Full,Realistic
sinatra-sequel-postgres-unicorn-mri,"11,807","26,916","57,690","92,471","91,631","92,342","92,471",100% success rate,Micro,Ruby,Rack,Unicorn,Linux,Postgres,Linux,Full,Realistic
sinatra-postgres-agoo-mri,— Did not complete —,—,Micro,Ruby,Rack,agoo,Linux,Postgres,Linux,Full,Realistic,,,,,,
slim,"5,571","10,278","21,554","67,813","73,619","63,036","73,619",100% success rate,Micro,PHP,fpm/fastcgi,nginx,Linux,MySQL,Linux,Raw,Realistic
slim-workerman,"7,425","18,516","51,026","126,862","144,941","145,675","145,675",100% success rate,Micro,PHP,workerman,None,Linux,MySQL,Linux,Raw,Realistic
slim-workerman-pgsql,"11,382","22,686","55,293","131,677","172,706","173,682","173,682",100% success rate,Micro,PHP,workerman,None,Linux,Postgres,Linux,Raw,Realistic
spark,"8,117","20,467","48,170","62,050","61,811","61,574","62,050",100% success rate,Micro,Java,Servlet,Jetty,Linux,MySQL,Linux,Full,Realistic
spider-gazelle,"14,251","30,977","76,931","256,859","284,434","266,244","284,434",100% success rate,Fullstack,Crystal,None,None,Linux,Postgres,Linux,Full,Realistic
spiral,"4,050","9,246","19,247","23,641","23,761","23,834","23,834",100% success rate,Fullstack,PHP,roadrunner,None,Linux,MySQL,Linux,Full,Realistic
spliffy,"8,504","17,533","34,808","72,373","99,814","107,475","107,475",100% success rate,Micro,JavaScript,nodejs,µws,Linux,MongoDB,Linux,Raw,Realistic
spliffy,"10,973","21,982","48,551","118,759","179,909","202,017","202,017",100% success rate,Micro,JavaScript,nodejs,µws,Linux,MySQL,Linux,Raw,Realistic
spliffy,"14,332","30,794","58,664","139,100","215,263","251,321","251,321",100% success rate,Micro,JavaScript,nodejs,µws,Linux,Postgres,Linux,Raw,Realistic
spring,"13,018","35,680","86,242","218,317","241,546","243,639","243,639",100% success rate,Fullstack,Java,Servlet,Undertow,Linux,Postgres,Linux,Micro,Realistic
spring-mongo,"10,881","28,900","63,789","158,978","138,645","111,880","158,978",100% success rate,Fullstack,Java,Servlet,Undertow,Linux,MongoDB,Linux,Full,Realistic
spring-webflux,"8,087","15,848","49,514","142,030","219,960","245,588","245,588",100% success rate,Fullstack,Java,Netty,None,Linux,Postgres,Linux,Micro,Realistic
spring-webflux-mongo,"6,750","14,040","42,282","75,316","85,276","87,257","87,257",100% success rate,Fullstack,Java,Netty,None,Linux,MongoDB,Linux,Full,Realistic
starlette,"6,499","11,150","19,036","54,468","101,477","111,843","111,843",100% success rate,Micro,Python,None,None,Linux,Postgres,Linux,Raw,Realistic
starlite,"7,700","14,758","29,329","79,182","118,937","128,665","128,665",100% success rate,Micro,Python,None,uvicorn,Linux,Postgres,Linux,Raw,Realistic
swi-prolog,264,528,755,521,513,500,755,100% success rate,none,prolog,None,swi-prolog,Linux,Postgres,Linux,Raw,Realistic
swoole,"10,380","20,254","34,849","55,508","76,114","85,114","85,114",100% success rate,Platform,PHP,swoole,None,Linux,MySQL,Linux,Raw,Realistic
swoole-async-postgres,"7,275","18,624","49,456","177,819","257,433","278,863","278,863",100% success rate,Platform,PHP,swoole,None,Linux,Postgres,Linux,Raw,Realistic
swoole-no-async,"13,769","30,386","69,295","254,863","326,804","319,825","326,804",100% success rate,Platform,PHP,swoole,None,Linux,MySQL,Linux,Raw,Realistic
swoole-sync-postgres,"11,876","22,969","42,814","160,948","635,334","735,139","735,139",100% success rate,Platform,PHP,swoole,None,Linux,Postgres,Linux,Raw,Realistic
symfony,"4,101","6,590","14,399","24,746","25,864","24,901","25,864",100% success rate,Fullstack,PHP,fpm/fastcgi,nginx,Linux,Postgres,Linux,Full,Realistic
symfony-frankenphp,"7,166","13,963","27,444","60,824","68,828","73,999","73,999",100% success rate,Fullstack,PHP,frankenphp,caddy,Linux,Postgres,Linux,Full,Realistic
symfony [mysql],"3,991","6,665","14,401","24,444","25,390","24,438","25,390",100% success rate,Fullstack,PHP,fpm/fastcgi,nginx,Linux,MySQL,Linux,Full,Realistic
symfony-roadrunner,"5,155","12,829","28,015","35,867","35,841","36,035","36,035",100% success rate,Fullstack,PHP,roadrunner,None,Linux,Postgres,Linux,Full,Realistic
symfony-swoole,"7,637","14,234","25,389","73,834","107,483","110,757","110,757",100% success rate,Fullstack,PHP,swoole,None,Linux,Postgres,Linux,Full,Realistic
symfony-workerman,"8,871","13,875","24,154","83,646","108,017","107,368","108,017",100% success rate,Fullstack,PHP,workerman,None,Linux,Postgres,Linux,Full,Realistic
tapestry,"4,554","12,569","34,633","58,136","61,524","69,455","69,455",100% success rate,Fullstack,Java,Servlet,Resin,Linux,MySQL,Linux,Full,Realistic
tio-server,"7,215","8,505","10,399","10,657","11,337","11,825","11,825",100% success rate,Micro,Java,t-io,None,Linux,MySQL,Linux,Raw,Realistic
today,"6,687","8,144","9,621","9,957","10,541","10,785","10,785",100% success rate,Fullstack,Java,Netty,None,Linux,MySQL,Linux,Micro,Realistic
toro,"12,404","33,448","65,285","115,994","133,885","146,094","146,094",100% success rate,Micro,Crystal,None,None,Linux,Postgres,Linux,Raw,Realistic
treefrog,"11,140","24,418","63,826","182,629","233,651","232,396","233,651",100% success rate,Fullstack,C++,None,None,Linux,Postgres,Linux,Micro,Realistic
treefrog-epoll,"9,417","17,356","26,376","81,321","116,515","132,374","132,374",100% success rate,Fullstack,C++,None,None,Linux,Postgres,Linux,Micro,Realistic
treefrog-mongodb,"8,961","19,801","49,301","151,598","212,172","205,396","212,172",100% success rate,Fullstack,C++,None,None,Linux,MongoDB,Linux,Micro,Realistic
treefrog-mysql,"9,804","21,166","58,959","160,455","211,962","208,847","211,962",100% success rate,Fullstack,C++,None,None,Linux,MySQL,Linux,Micro,Realistic
trillium [smol],"4,346","4,295","4,378","4,408","5,370","5,521","5,521",100% success rate,Micro,Rust,None,None,Linux,Postgres,Linux,Full,Realistic
trillium [async-std],"4,266","4,318","4,354","4,375","5,530","5,415","5,530",100% success rate,Micro,Rust,None,None,Linux,Postgres,Linux,Full,Realistic
trillium [tokio],"6,196","6,416","6,522","6,697","6,752","6,830","6,830",100% success rate,Micro,Rust,None,None,Linux,Postgres,Linux,Full,Realistic
ubiquity,"5,563","11,843","25,601","124,527","135,015","87,802","135,015",100% success rate,Fullstack,PHP,fpm/fastcgi,nginx,Linux,MySQL,Linux,Full,Realistic
ubiquity-ngx,"10,903","21,906","42,041","101,516","363,998","436,370","436,370",100% success rate,Fullstack,PHP,ngx_php,nginx,Linux,Postgres,Linux,Full,Realistic
ubiquity-ngx-raw,"11,180","22,940","41,865","123,635","577,856","677,832","677,832",100% success rate,Fullstack,PHP,ngx_php,nginx,Linux,Postgres,Linux,Raw,Realistic
ubiquity-swoole,"10,596","22,794","35,258","88,578","330,667","404,780","404,780",100% success rate,Fullstack,PHP,swoole,None,Linux,Postgres,Linux,Full,Realistic
ubiquity-swoole-mysql,"10,259","19,349","36,497","75,676","325,532","337,477","337,477",100% success rate,Fullstack,PHP,swoole,None,Linux,MySQL,Linux,Full,Realistic
ubiquity-workerman,"11,075","21,963","37,440","176,335","389,313","427,931","427,931",100% success rate,Fullstack,PHP,workerman,None,Linux,Postgres,Linux,Full,Realistic
ubiquity-workerman-mongo,"8,647","17,003","28,743","89,746","237,077","263,324","263,324",100% success rate,Fullstack,PHP,workerman,None,Linux,MongoDB,Linux,Full,Realistic
ubiquity-workerman-mysql,"9,976","20,382","37,583","130,448","332,328","314,153","332,328",100% success rate,Fullstack,PHP,workerman,None,Linux,MySQL,Linux,Full,Realistic
ubiquity-workerman-raw,"11,442","22,792","42,883","187,740","583,064","643,975","643,975",100% success rate,Fullstack,PHP,workerman,None,Linux,Postgres,Linux,Raw,Realistic
ultimate-express-mysql,"11,981","28,303","72,597","168,655","310,093","286,464","310,093",100% success rate,Micro,JavaScript,nodejs,µws,Linux,MySQL,Linux,Raw,Realistic
ultimate-express-postgres,"11,371","20,991","37,111","120,621","280,501","352,482","352,482",100% success rate,Micro,JavaScript,nodejs,µws,Linux,Postgres,Linux,Raw,Realistic
urweb,"4,146","5,401","9,417","395,131","625,946","637,817","637,817",100% success rate,Fullstack,Ur,Ur/Web,None,Linux,Postgres,Linux,Micro,Realistic
urweb-mysql,"3,532","4,638","8,125","179,706","271,623","271,395","271,623",100% success rate,Fullstack,Ur,Ur/Web,None,Linux,MySQL,Linux,Micro,Realistic
userver,"13,773","31,218","74,994","157,286","164,869","626,406","626,406",100% success rate,Fullstack,C++,None,None,Linux,Postgres,Linux,Micro,Realistic
uvicorn,— Did not complete —,—,Platform,Python,None,None,Linux,Postgres,Linux,Raw,Realistic,,,,,,
routerling,— Did not complete —,—,Platform,Python,None,None,Linux,Postgres,Linux,Raw,Realistic,,,,,,
uwebsockets.js,"11,256","21,542","36,992","97,002","354,532","483,035","483,035",100% success rate,Platform,JavaScript,None,None,Linux,Postgres,Linux,Raw,Realistic
vapor,"3,238","6,316","12,034","14,248","14,652","14,800","14,800",100% success rate,Fullstack,Swift,None,None,Linux,Postgres,Linux,Micro,Realistic
vertx-postgres,"11,899","24,357","49,634","556,855","816,803","1,040,599","1,040,599",100% success rate,Platform,Java,vert.x,None,Linux,Postgres,Linux,Raw,Realistic
vertx-web-kotlin-coroutines-postgres,"12,719","27,738","81,904","425,431","683,893","826,011","826,011",100% success rate,Micro,Kotlin,vert.x,None,Linux,Postgres,Linux,Raw,Realistic
vertx-web-kotlin-dsljson-postgresql,"11,867","25,402","61,151","87,059","91,198","91,922","91,922",100% success rate,Micro,Kotlin,vert.x,None,Linux,Postgres,Linux,Raw,Realistic
vertx-web-kotlinx-postgresql,"14,602","27,500","54,434","405,037","630,286","742,614","742,614",100% success rate,Micro,Kotlin,vert.x,None,Linux,Postgres,Linux,Raw,Realistic
vertx-web-postgres,"12,581","27,889","76,540","414,963","696,174","856,756","856,756",100% success rate,Micro,Java,vert.x,None,Linux,Postgres,Linux,Raw,Realistic
vertx-web-scala,"12,080","27,176","74,323","257,239","437,420","462,234","462,234",100% success rate,Micro,Scala,vert.x,None,Linux,Postgres,Linux,Raw,Realistic
vibed-dmd-pgsql,"9,735","15,563","19,254","23,716","25,001","25,390","25,390",100% success rate,Platform,D,None,None,Linux,Postgres,Linux,Raw,Realistic
vibed-ldc-pgsql,"10,346","15,802","20,978","24,533","25,933","26,484","26,484",100% success rate,Platform,D,None,None,Linux,Postgres,Linux,Raw,Realistic
viz [postgresql - diesel],"8,019","15,773","28,041","35,933","36,973","39,766","39,766",100% success rate,Fullstack,Rust,Rust,hyper,Linux,Postgres,Linux,Full,Realistic
viz [postgresql],"12,223","25,619","47,310","289,412","764,973","1,060,105","1,060,105",100% success rate,Fullstack,Rust,Rust,hyper,Linux,Postgres,Linux,Raw,Realistic
viz [postgresql - sqlx],"8,243","16,826","27,205","27,136","28,075","27,614","28,075",100% success rate,Fullstack,Rust,Rust,hyper,Linux,Postgres,Linux,Raw,Realistic
webman-pgsql,"11,645","23,737","46,393","202,903","654,447","733,134","733,134",100% success rate,Micro,PHP,workerman,None,Linux,Postgres,Linux,Raw,Realistic
wicket,"5,692","6,290","6,326","6,496","6,627","6,600","6,627",100% success rate,Fullstack,Java,Servlet,Resin,Linux,MySQL,Linux,Full,Realistic
wizzardo-http,"11,995","24,350","56,256","426,737","586,011","620,058","620,058",100% success rate,Micro,Java,None,None,Linux,Postgres,Linux,Raw,Realistic
wolff,"6,571","12,357","17,643","18,019","17,345","16,187","18,019",100% success rate,Fullstack,PHP,fpm/fastcgi,nginx,Linux,MySQL,Linux,Raw,Realistic
"workerman [jit, mysql]","10,782","21,942","41,471","135,142","313,973","307,346","313,973",100% success rate,Platform,PHP,workerman,None,Linux,MySQL,Linux,Raw,Realistic
"workerman [jit, mysql, swoole, async]","13,129","30,445","73,631","217,899","307,058","302,309","307,058",100% success rate,Platform,PHP,workerman,None,Linux,MySQL,Linux,Raw,Realistic
"workerman [jit, mysql, swow, async]","13,987","31,484","76,709","231,281","307,568","303,748","307,568",100% success rate,Platform,PHP,workerman,None,Linux,MySQL,Linux,Raw,Realistic
workerman-pgsql,"11,797","23,728","44,818","184,981","651,239","742,577","742,577",100% success rate,Platform,PHP,workerman,None,Linux,Postgres,Linux,Raw,Realistic
workerman [pgsql],"11,510","23,473","45,127","167,724","638,130","741,477","741,477",100% success rate,Platform,PHP,workerman,None,Linux,Postgres,Linux,Raw,Realistic
xitca-web,"11,975","24,933","49,857","302,038","768,689","1,146,712","1,146,712",100% success rate,Micro,Rust,None,xitca-server,Linux,Postgres,Linux,Raw,Realistic
xitca-web [orm],"11,800","25,265","49,838","451,885","802,189","1,115,124","1,115,124",100% success rate,Fullstack,Rust,None,xitca-server,Linux,Postgres,Linux,Full,Realistic
xitca-web [sync],"10,085","20,510","45,290","374,093","316,401","227,962","374,093",100% success rate,Micro,Rust,None,xitca-server,Linux,Postgres,Linux,Full,Realistic
yii2,"4,238","7,154","15,595","44,773","47,848","44,272","47,848",100% success rate,Fullstack,PHP,fpm/fastcgi,nginx,Linux,MySQL,Linux,Full,Realistic
yii2-raw,"4,326","8,547","17,320","70,650","76,066","64,317","76,066",100% success rate,Fullstack,PHP,fpm/fastcgi,nginx,Linux,MySQL,Linux,Raw,Realistic
yii2-workerman,"4,879","8,316","14,285","61,229","71,542","73,784","73,784",100% success rate,Fullstack,PHP,workerman,None,Linux,MySQL,Linux,Full,Realistic
zap (zig),"3,103","2,795","3,194","3,531","3,549","3,522","3,549",100% success rate,Fullstack,zig,None,None,Linux,Postgres,Linux,Full,Realistic
zebra,"10,272","22,616","54,259","129,825","238,531","551,924","551,924",100% success rate,Fullstack,f#,.NET,kestrel,Linux,Postgres,Linux,Raw,Realistic
zysocket-v,"11,656","19,032","24,314","226,608","513,416","512,910","513,416",100% success rate,Fullstack,C#,.NET,zysocket-v,Linux,Postgres,Linux,Raw,Realistic
