Rnk,Framework,Best performance (higher is better),Performance(%),500-series HTTP responses,Classification,Language,Platform,Front-end server / Web-server,Application operating system,Database server,Database operating system,Object-relation mapper,Implementation approach
1,may-minihttp,"1,327,378",100.0%,100% success rate,Micro,Rust,Rust,may-minihttp,Linux,Postgres,Linux,Raw,Realistic
2,h2o,"1,226,814",92.4%,100% success rate,Platform,C,None,h2o,Linux,Postgres,Linux,Raw,Realistic
3,"ntex [tokio,db]","1,210,348",91.2%,100% success rate,Micro,Rust,None,ntex,Linux,Postgres,Linux,Raw,Realistic
4,"ntex [compio,db]","1,197,351",90.2%,100% success rate,Micro,Rust,None,ntex,Linux,Postgres,Linux,Raw,Realistic
5,xitca-web,"1,146,712",86.4%,100% success rate,Micro,Rust,None,xitca-server,Linux,Postgres,Linux,Raw,Realistic
6,xitca-web [orm],"1,115,124",84.0%,100% success rate,Fullstack,Rust,None,xitca-server,Linux,Postgres,Linux,Full,Realistic
7,axum [postgresql],"1,114,265",83.9%,100% success rate,Fullstack,Rust,Rust,hyper,Linux,Postgres,Linux,Raw,Realistic
8,lithium-postgres,"1,073,846",80.9%,100% success rate,Micro,C++,None,None,Linux,Postgres,Linux,Full,Realistic
9,lithium-postgres-beta,"1,068,560",80.5%,100% success rate,Micro,C++,None,None,Linux,Postgres,Linux,Full,Realistic
10,hyper-db,"1,066,644",80.4%,100% success rate,Micro,Rust,Rust,hyper,Linux,Postgres,Linux,Raw,Realistic
11,viz [postgresql],"1,060,105",79.9%,100% success rate,Fullstack,Rust,Rust,hyper,Linux,Postgres,Linux,Raw,Realistic
12,drogon-core,"1,042,653",78.5%,100% success rate,Fullstack,C++,None,None,Linux,Postgres,Linux,Raw,Realistic
13,vertx-postgres,"1,040,599",78.4%,100% success rate,Platform,Java,vert.x,None,Linux,Postgres,Linux,Raw,Realistic
14,"quarkus, vert.x","1,028,408",77.5%,100% success rate,Micro,Java,vert.x,vert.x,Linux,Postgres,Linux,Raw,Realistic
15,just-js,"982,024",74.0%,100% success rate,Platform,JavaScript,just-js,None,Linux,Postgres,Linux,Raw,Realistic
16,salvo [postgres],"969,747",73.1%,100% success rate,Micro,Rust,Rust,hyper,Linux,Postgres,Linux,Raw,Realistic
17,fasthttp-prefork,"959,399",72.3%,100% success rate,Platform,Go,None,None,Linux,Postgres,Linux,Raw,Realistic
18,mormot [direct],"953,865",71.9%,100% success rate,Fullstack,pascal,None,None,Linux,Postgres,Linux,Raw,Realistic
19,drogon,"947,069",71.3%,100% success rate,Fullstack,C++,None,None,Linux,Postgres,Linux,Micro,Realistic
20,atreugo-prefork,"933,521",70.3%,100% success rate,Platform,Go,None,None,Linux,Postgres,Linux,Raw,Realistic
21,jooby-pgclient,"917,719",69.1%,100% success rate,Fullstack,Java,Netty,None,Linux,Postgres,Linux,Raw,Realistic
22,"quarkus, postgresql","916,813",69.1%,100% success rate,Fullstack,Java,vert.x,vert.x,Linux,Postgres,Linux,Raw,Realistic
23,officefloor-rawsqlclient,"911,341",68.7%,100% success rate,Platform,Java,officefloor,woof,Linux,Postgres,Linux,Raw,Realistic
24,officefloor-sqlclient,"911,243",68.6%,100% success rate,Platform,Java,officefloor,woof,Linux,Postgres,Linux,Raw,Realistic
25,gearbox prefork,"896,791",67.6%,100% success rate,Platform,Go,None,None,Linux,Postgres,Linux,Raw,Realistic
26,ffead-cpp [pg-raw-async-prof-pool],"864,175",65.1%,100% success rate,Fullstack,C++,None,ffead-cpp,Linux,Postgres,Linux,Raw,Realistic
27,vertx-web-postgres,"856,756",64.5%,100% success rate,Micro,Java,vert.x,None,Linux,Postgres,Linux,Raw,Realistic
28,fiber-prefork,"848,213",63.9%,100% success rate,Platform,Go,None,None,Linux,Postgres,Linux,Raw,Realistic
29,vertx-web-kotlin-coroutines-postgres,"826,011",62.2%,100% success rate,Micro,Kotlin,vert.x,None,Linux,Postgres,Linux,Raw,Realistic
30,inverno,"798,618",60.2%,100% success rate,Micro,Java,inverno,None,Linux,Postgres,Linux,Micro,Realistic
31,php-ngx-pgsql,"785,961",59.2%,100% success rate,Platform,PHP,ngx_php,nginx,Linux,Postgres,Linux,Raw,Realistic
32,mormot [orm],"785,792",59.2%,100% success rate,Fullstack,pascal,None,None,Linux,Postgres,Linux,Full,Realistic
33,vertx-web-kotlinx-postgresql,"742,614",55.9%,100% success rate,Micro,Kotlin,vert.x,None,Linux,Postgres,Linux,Raw,Realistic
34,workerman-pgsql,"742,577",55.9%,100% success rate,Platform,PHP,workerman,None,Linux,Postgres,Linux,Raw,Realistic
35,aspnetcore,"741,878",55.9%,100% success rate,Platform,C#,.NET,kestrel,Linux,Postgres,Linux,Raw,Realistic
36,workerman [pgsql],"741,477",55.9%,100% success rate,Platform,PHP,workerman,None,Linux,Postgres,Linux,Raw,Realistic
37,swoole-sync-postgres,"735,139",55.4%,100% success rate,Platform,PHP,swoole,None,Linux,Postgres,Linux,Raw,Realistic
38,webman-pgsql,"733,134",55.2%,100% success rate,Micro,PHP,workerman,None,Linux,Postgres,Linux,Raw,Realistic
39,go-pgx-prefork-quicktemplate,"715,433",53.9%,100% success rate,Platform,Go,None,None,Linux,Postgres,Linux,Raw,Realistic
40,helidon 4,"696,144",52.4%,100% success rate,Micro,Java,None,None,Linux,Postgres,Linux,Raw,Realistic
41,cutelyst-thread-apg,"695,902",52.4%,100% success rate,Fullstack,C++,cutelystwsgi,None,Linux,Postgres,Linux,Raw,Realistic
42,aspnetcore-aot,"691,655",52.1%,100% success rate,Platform,C#,.NET,kestrel,Linux,Postgres,Linux,Raw,Realistic
43,ubiquity-ngx-raw,"677,832",51.1%,100% success rate,Fullstack,PHP,ngx_php,nginx,Linux,Postgres,Linux,Raw,Realistic
44,oxpecker,"662,119",49.9%,100% success rate,Micro,f#,.NET,kestrel,Linux,Postgres,Linux,Raw,Realistic
45,micronaut,"660,238",49.7%,100% success rate,Micro,Java,Netty,netty,Linux,Postgres,Linux,Raw,Realistic
46,aspcore-vb-mw-ado-pg,"658,480",49.6%,100% success rate,Micro,vb,.NET,kestrel,Linux,Postgres,Linux,Raw,Realistic
47,feersum,"651,181",49.1%,100% success rate,Platform,Perl,None,feersum,Linux,Postgres,Linux,Raw,Realistic
48,ubiquity-workerman-raw,"643,975",48.5%,100% success rate,Fullstack,PHP,workerman,None,Linux,Postgres,Linux,Raw,Realistic
49,urweb,"637,817",48.1%,100% success rate,Fullstack,Ur,Ur/Web,None,Linux,Postgres,Linux,Micro,Realistic
50,proteus,"628,695",47.4%,100% success rate,Micro,Java,Undertow,None,Linux,Postgres,Linux,Raw,Realistic
51,userver,"626,406",47.2%,100% success rate,Fullstack,C++,None,None,Linux,Postgres,Linux,Micro,Realistic
52,wizzardo-http,"620,058",46.7%,100% success rate,Micro,Java,None,None,Linux,Postgres,Linux,Raw,Realistic
53,"asp.net core [minimal apis, pg, dapper]","609,966",46.0%,100% success rate,Micro,C#,.NET,kestrel,Linux,Postgres,Linux,Micro,Realistic
54,mixphp-workerman-pgsql,"602,492",45.4%,100% success rate,Fullstack,PHP,workerman,None,Linux,Postgres,Linux,Raw,Realistic
55,kumbiaphp-workerman,"589,998",44.4%,100% success rate,Fullstack,PHP,workerman,None,Linux,Postgres,Linux,Raw,Realistic
56,otavia,"588,031",44.3%,100% success rate,Micro,Scala,otavia,None,Linux,Postgres,Linux,Micro,Realistic
57,otavia,"579,058",43.6%,100% success rate,Micro,Scala,otavia,None,Linux,Postgres,Linux,Micro,Realistic
58,ffead-cpp [v-prof],"577,905",43.5%,100% success rate,Fullstack,C++,None,picov,Linux,Postgres,Linux,Raw,Realistic
59,ffead-cpp [v],"561,488",42.3%,100% success rate,Fullstack,C++,None,picov,Linux,Postgres,Linux,Raw,Realistic
60,micronaut jdbc,"560,026",42.2%,100% success rate,Micro,Java,Netty,netty,Linux,Postgres,Linux,Raw,Realistic
61,zebra,"551,924",41.6%,100% success rate,Fullstack,f#,.NET,kestrel,Linux,Postgres,Linux,Raw,Realistic
62,goravel fiber,"549,130",41.4%,100% success rate,Fullstack,Go,None,None,Linux,Postgres,Linux,Full,Realistic
63,giraffe,"536,133",40.4%,100% success rate,Fullstack,f#,.NET,kestrel,Linux,Postgres,Linux,Micro,Realistic
64,greenlightning,"533,164",40.2%,100% success rate,Micro,Java,None,None,Linux,Postgres,Linux,Raw,Realistic
65,zysocket-v,"513,416",38.7%,100% success rate,Fullstack,C#,.NET,zysocket-v,Linux,Postgres,Linux,Raw,Realistic
66,hexagon netty epoll postgresql,"505,747",38.1%,100% success rate,Micro,Kotlin,Netty,None,Linux,Postgres,Linux,Raw,Realistic
67,helidon,"500,080",37.7%,100% success rate,Micro,Java,Netty,None,Linux,Postgres,Linux,Raw,Realistic
68,micronaut data jdbc,"487,588",36.7%,100% success rate,Fullstack,Java,Netty,netty,Linux,Postgres,Linux,Micro,Realistic
69,uwebsockets.js,"483,035",36.4%,100% success rate,Platform,JavaScript,None,None,Linux,Postgres,Linux,Raw,Realistic
70,http4k-ratpack,"483,034",36.4%,100% success rate,Micro,Kotlin,Netty,None,Linux,Postgres,Linux,Raw,Realistic
71,ffead-cpp [pg-raw-prof],"482,588",36.4%,100% success rate,Fullstack,C++,None,ffead-cpp,Linux,Postgres,Linux,Raw,Realistic
72,hserver,"482,033",36.3%,100% success rate,Fullstack,Java,hserver,hserver,Linux,Postgres,Linux,Full,Realistic
73,http4k-netty,"479,422",36.1%,100% success rate,Micro,Kotlin,Netty,None,Linux,Postgres,Linux,Raw,Realistic
74,hexagon helidon postgresql,"479,250",36.1%,100% success rate,Micro,Kotlin,helidon,None,Linux,Postgres,Linux,Raw,Realistic
75,jooby-jetty,"475,422",35.8%,100% success rate,Fullstack,Java,Jetty,None,Linux,Postgres,Linux,Raw,Realistic
76,jooby-jaxrs,"475,095",35.8%,100% success rate,Fullstack,Java,Undertow,None,Linux,Postgres,Linux,Raw,Realistic
77,jooby-netty,"467,549",35.2%,100% success rate,Fullstack,Java,Netty,None,Linux,Postgres,Linux,Raw,Realistic
78,vertx-web-scala,"462,234",34.8%,100% success rate,Micro,Scala,vert.x,None,Linux,Postgres,Linux,Raw,Realistic
79,goframe,"456,085",34.4%,100% success rate,Platform,Go,None,None,Linux,Postgres,Linux,Raw,Realistic
80,atreugo,"455,306",34.3%,100% success rate,Platform,Go,None,None,Linux,Postgres,Linux,Raw,Realistic
81,hexagon,"453,552",34.2%,100% success rate,Micro,Kotlin,Servlet,None,Linux,Postgres,Linux,Raw,Realistic
82,ffead-cpp [pg-raw-async-prof],"446,969",33.7%,100% success rate,Fullstack,C++,None,ffead-cpp,Linux,Postgres,Linux,Raw,Realistic
83,ben [kestrel],"445,901",33.6%,100% success rate,Micro,C#,.NET,kestrel,Linux,Postgres,Linux,Micro,Realistic
84,gemini-postgres,"443,582",33.4%,100% success rate,Fullstack,Java,Servlet,Resin,Linux,Postgres,Linux,Micro,Realistic
85,fasthttp,"441,602",33.3%,100% success rate,Platform,Go,None,None,Linux,Postgres,Linux,Raw,Realistic
86,http4k-apache4,"439,794",33.1%,100% success rate,Micro,Kotlin,apache-httpcore,None,Linux,Postgres,Linux,Raw,Realistic
87,gearbox,"436,977",32.9%,100% success rate,Platform,Go,None,None,Linux,Postgres,Linux,Raw,Realistic
88,ubiquity-ngx,"436,370",32.9%,100% success rate,Fullstack,PHP,ngx_php,nginx,Linux,Postgres,Linux,Full,Realistic
89,quarkus,"431,464",32.5%,100% success rate,Fullstack,Java,resteasy reactive,vert.x,Linux,Postgres,Linux,Full,Realistic
90,ffead-cpp [pg-raw-async-qw-prof],"430,720",32.4%,100% success rate,Fullstack,C++,None,ffead-cpp,Linux,Postgres,Linux,Raw,Realistic
91,crystal-radix,"429,637",32.4%,100% success rate,Platform,Crystal,None,None,Linux,Postgres,Linux,Raw,Realistic
92,ubiquity-workerman,"427,931",32.2%,100% success rate,Fullstack,PHP,workerman,None,Linux,Postgres,Linux,Full,Realistic
93,crystal,"427,816",32.2%,100% success rate,Platform,Crystal,None,None,Linux,Postgres,Linux,Raw,Realistic
94,kemal,"420,873",31.7%,100% success rate,Fullstack,Crystal,None,None,Linux,Postgres,Linux,Micro,Realistic
95,hexagon netty epoll pgclient,"413,220",31.1%,100% success rate,Micro,Kotlin,Netty,None,Linux,Postgres,Linux,Raw,Realistic
96,hexagon helidon pgclient,"412,437",31.1%,100% success rate,Micro,Kotlin,helidon,None,Linux,Postgres,Linux,Raw,Realistic
97,http4k-helidon-pgclient,"411,728",31.0%,100% success rate,Micro,Kotlin,helidon-pgclient,None,Linux,Postgres,Linux,Raw,Realistic
98,fiber,"411,213",31.0%,100% success rate,Platform,Go,None,None,Linux,Postgres,Linux,Raw,Realistic
99,http4k-jetty,"410,230",30.9%,100% success rate,Micro,Kotlin,Jetty,None,Linux,Postgres,Linux,Raw,Realistic
100,lucky,"405,144",30.5%,100% success rate,Fullstack,Crystal,None,None,Linux,Postgres,Linux,Full,Realistic
101,ubiquity-swoole,"404,780",30.5%,100% success rate,Fullstack,PHP,swoole,None,Linux,Postgres,Linux,Full,Realistic
102,http4k-jetty11,"399,006",30.1%,100% success rate,Micro,Kotlin,jetty11,None,Linux,Postgres,Linux,Raw,Realistic
103,"quarkus, reactive","396,223",29.9%,100% success rate,Fullstack,Java,resteasy reactive,vert.x,Linux,Postgres,Linux,Full,Realistic
104,mormot [async],"395,326",29.8%,100% success rate,Fullstack,pascal,None,None,Linux,Postgres,Linux,Raw,Realistic
105,hyperexpress-postgres,"382,212",28.8%,100% success rate,Micro,JavaScript,nodejs,µws,Linux,Postgres,Linux,Raw,Realistic
106,http4k-undertow,"379,683",28.6%,100% success rate,Micro,Kotlin,Undertow,None,Linux,Postgres,Linux,Raw,Realistic
107,xitca-web [sync],"374,093",28.2%,100% success rate,Micro,Rust,None,xitca-server,Linux,Postgres,Linux,Full,Realistic
108,officefloor-r2dbc,"358,765",27.0%,100% success rate,Platform,Java,officefloor,woof,Linux,Postgres,Linux,Raw,Realistic
109,ultimate-express-postgres,"352,482",26.6%,100% success rate,Micro,JavaScript,nodejs,µws,Linux,Postgres,Linux,Raw,Realistic
110,hexagon jetty loom pgclient,"350,201",26.4%,100% success rate,Micro,Kotlin,Servlet,None,Linux,Postgres,Linux,Raw,Realistic
111,beetlex-core,"347,054",26.1%,100% success rate,Platform,C#,.NET,beetlex,Linux,Postgres,Linux,Raw,Realistic
112,javalin-postgres,"346,831",26.1%,100% success rate,Micro,Java,Jetty,None,Linux,Postgres,Linux,Raw,Realistic
113,micronaut r2dbc,"340,377",25.6%,100% success rate,Micro,Java,Netty,netty,Linux,Postgres,Linux,Raw,Realistic
114,ubiquity-swoole-mysql,"337,477",25.4%,100% success rate,Fullstack,PHP,swoole,None,Linux,MySQL,Linux,Full,Realistic
115,go-pgx-quicktemplate,"335,980",25.3%,100% success rate,Platform,Go,None,None,Linux,Postgres,Linux,Raw,Realistic
116,axum [mongodb],"335,954",25.3%,100% success rate,Fullstack,Rust,Rust,hyper,Linux,MongoDB,Linux,Raw,Realistic
117,hexagon-jettyloom,"335,104",25.2%,100% success rate,Micro,Kotlin,Servlet,None,Linux,Postgres,Linux,Raw,Realistic
118,ubiquity-workerman-mysql,"332,328",25.0%,100% success rate,Fullstack,PHP,workerman,None,Linux,MySQL,Linux,Full,Realistic
119,swoole-no-async,"326,804",24.6%,100% success rate,Platform,PHP,swoole,None,Linux,MySQL,Linux,Raw,Realistic
120,mesh,"326,198",24.6%,100% success rate,Platform,JavaScript,None,None,Linux,Postgres,Linux,Raw,Realistic
121,http4k-helidon-jdbc,"325,908",24.6%,100% success rate,Micro,Kotlin,helidon,None,Linux,Postgres,Linux,Raw,Realistic
122,"asp.net core [mvc, pg, ef]","322,802",24.3%,100% success rate,Fullstack,C#,.NET,kestrel,Linux,Postgres,Linux,Full,Realistic
123,openswoole no-async,"322,119",24.3%,100% success rate,Platform,PHP,openswoole,None,Linux,MySQL,Linux,Raw,Realistic
124,feersum,"319,187",24.0%,100% success rate,Platform,Perl,None,feersum,Linux,MySQL,Linux,Raw,Realistic
125,imi-workerman-mysql-raw,"318,732",24.0%,100% success rate,Micro,PHP,workerman,None,Linux,MySQL,Linux,Raw,Realistic
126,go-pgx-prefork,"318,546",24.0%,100% success rate,Platform,Go,None,None,Linux,Postgres,Linux,Raw,Realistic
127,hyperexpress-mysql,"315,618",23.8%,100% success rate,Micro,JavaScript,nodejs,µws,Linux,MySQL,Linux,Raw,Realistic
128,"workerman [jit, mysql]","313,973",23.7%,100% success rate,Platform,PHP,workerman,None,Linux,MySQL,Linux,Raw,Realistic
129,lithium,"313,786",23.6%,100% success rate,Micro,C++,None,None,Linux,MySQL,Linux,Full,Realistic
130,http4k-jettyloom-jdbc,"311,828",23.5%,100% success rate,Micro,Kotlin,jetty-loom-jdbc,None,Linux,Postgres,Linux,Raw,Realistic
131,ultimate-express-mysql,"310,093",23.4%,100% success rate,Micro,JavaScript,nodejs,µws,Linux,MySQL,Linux,Raw,Realistic
132,salvo [mongodb],"310,057",23.4%,100% success rate,Micro,Rust,Rust,hyper,Linux,MongoDB,Linux,Raw,Realistic
133,mixphp-workerman-mysql,"309,919",23.3%,100% success rate,Fullstack,PHP,workerman,None,Linux,MySQL,Linux,Micro,Realistic
134,rapidoid-postgres,"309,646",23.3%,100% success rate,Platform,Java,Rapidoid,None,Linux,Postgres,Linux,Micro,Realistic
135,kumbiaphp-workerman-mysql,"308,804",23.3%,100% success rate,Fullstack,PHP,workerman,None,Linux,MySQL,Linux,Micro,Realistic
136,simps,"308,361",23.2%,100% success rate,Micro,PHP,swoole,None,Linux,MySQL,Linux,Raw,Realistic
137,"workerman [jit, mysql, swow, async]","307,568",23.2%,100% success rate,Platform,PHP,workerman,None,Linux,MySQL,Linux,Raw,Realistic
138,"workerman [jit, mysql, swoole, async]","307,058",23.1%,100% success rate,Platform,PHP,workerman,None,Linux,MySQL,Linux,Raw,Realistic
139,imi-swoole-mysql-raw,"306,997",23.1%,100% success rate,Micro,PHP,swoole,None,Linux,MySQL,Linux,Raw,Realistic
140,micronaut vertx pg client graalvm,"304,829",23.0%,100% success rate,Micro,Java,Netty,netty,Linux,Postgres,Linux,Raw,Realistic
141,hexagon-jetty-native,"304,414",22.9%,100% success rate,Micro,Kotlin,Servlet,None,Linux,Postgres,Linux,Raw,Realistic
142,openresty,"304,355",22.9%,100% success rate,Platform,Lua,OpenResty,nginx,Linux,MySQL,Linux,Raw,Realistic
143,php-ngx-mysql,"303,608",22.9%,100% success rate,Platform,PHP,ngx_php,nginx,Linux,MySQL,Linux,Raw,Realistic
144,mixphp-swoole-mysql,"299,652",22.6%,100% success rate,Fullstack,PHP,swoole,None,Linux,MySQL,Linux,Micro,Realistic
145,http4k-jetty11loom-jdbc,"299,202",22.5%,100% success rate,Micro,Kotlin,jetty11-loom-jdbc,None,Linux,Postgres,Linux,Raw,Realistic
146,go-my-prefork,"296,315",22.3%,100% success rate,Platform,Go,None,None,Linux,MySQL,Linux,Raw,Realistic
147,easyrpc,"291,670",22.0%,100% success rate,Fullstack,C#,.NET,kestrel,Linux,Postgres,Linux,Raw,Realistic
148,aspnetcore-mysql,"288,812",21.8%,100% success rate,Platform,C#,.NET,kestrel,Linux,MySQL,Linux,Raw,Realistic
149,elysia [postgresql],"284,990",21.5%,100% success rate,Micro,typescript,bun,None,Linux,Postgres,Linux,Raw,Realistic
150,elysia [compiled],"284,973",21.5%,100% success rate,Micro,typescript,bun,None,Linux,Postgres,Linux,Raw,Realistic
151,elysia [smol] [postgresql],"284,536",21.4%,100% success rate,Micro,typescript,bun,None,Linux,Postgres,Linux,Raw,Realistic
152,spider-gazelle,"284,434",21.4%,100% success rate,Fullstack,Crystal,None,None,Linux,Postgres,Linux,Full,Realistic
153,nodejs-postgresjs-raw,"283,445",21.4%,100% success rate,Platform,JavaScript,nodejs,None,Linux,Postgres,Linux,Raw,Realistic
154,comet-mysql,"283,268",21.3%,100% success rate,Micro,PHP,workerman,None,Linux,MySQL,Linux,Raw,Realistic
155,jooby,"282,879",21.3%,100% success rate,Fullstack,Java,Undertow,None,Linux,Postgres,Linux,Raw,Realistic
156,openswoole,"282,634",21.3%,100% success rate,Platform,PHP,openswoole,None,Linux,MySQL,Linux,Raw,Realistic
157,undertow-postgresql,"282,318",21.3%,100% success rate,Platform,Java,Undertow,None,Linux,Postgres,Linux,Raw,Realistic
158,swoole-async-postgres,"278,863",21.0%,100% success rate,Platform,PHP,swoole,None,Linux,Postgres,Linux,Raw,Realistic
159,mesh,"277,627",20.9%,100% success rate,Platform,JavaScript,None,None,Linux,MongoDB,Linux,Raw,Realistic
160,one,"277,187",20.9%,100% success rate,Fullstack,PHP,swoole,None,Linux,MySQL,Linux,Full,Realistic
161,comet,"276,773",20.9%,100% success rate,Micro,PHP,workerman,None,Linux,Postgres,Linux,Raw,Realistic
162,micronaut jdbc graalvm,"275,938",20.8%,100% success rate,Micro,Java,Netty,netty,Linux,Postgres,Linux,Raw,Realistic
163,chi-prefork,"272,645",20.5%,100% success rate,Micro,Go,None,None,Linux,MySQL,Linux,Raw,Realistic
164,php-workerman,"272,246",20.5%,100% success rate,Platform,PHP,workerman,None,Linux,MySQL,Linux,Raw,Realistic
165,urweb-mysql,"271,623",20.5%,100% success rate,Fullstack,Ur,Ur/Web,None,Linux,MySQL,Linux,Micro,Realistic
166,fastify-postgres,"265,826",20.0%,100% success rate,Micro,JavaScript,nodejs,None,Linux,Postgres,Linux,Raw,Realistic
167,ubiquity-workerman-mongo,"263,324",19.8%,100% success rate,Fullstack,PHP,workerman,None,Linux,MongoDB,Linux,Full,Realistic
168,gemini-mysql,"261,699",19.7%,100% success rate,Fullstack,Java,Servlet,Resin,Linux,MySQL,Linux,Micro,Realistic
169,jlhttp-postgres,"259,015",19.5%,100% success rate,Platform,Java,JLHTTP,None,Linux,Postgres,Linux,Raw,Realistic
170,light-4j,"257,463",19.4%,100% success rate,Platform,Java,light-4j,None,Linux,Postgres,Linux,Raw,Realistic
171,ditsmod v3.0 [postgres],"253,447",19.1%,100% success rate,Micro,typescript,nodejs,None,Linux,Postgres,Linux,Raw,Realistic
172,hono,"251,848",19.0%,100% success rate,Platform,JavaScript,None,None,Linux,Postgres,Linux,Raw,Realistic
173,spliffy,"251,321",18.9%,100% success rate,Micro,JavaScript,nodejs,µws,Linux,Postgres,Linux,Raw,Realistic
174,one-no-coroutine,"249,704",18.8%,100% success rate,Fullstack,PHP,swoole,None,Linux,MySQL,Linux,Full,Realistic
175,hexagon helidon native pgclient,"249,030",18.8%,100% success rate,Micro,Kotlin,helidon,None,Linux,Postgres,Linux,Raw,Realistic
176,ktor,"247,406",18.6%,100% success rate,Micro,Kotlin,Netty,None,Linux,Postgres,Linux,Raw,Realistic
177,spring-webflux,"245,588",18.5%,100% success rate,Fullstack,Java,Netty,None,Linux,Postgres,Linux,Micro,Realistic
178,"appmpower [aot-no-reflection,pg,odbc]","244,245",18.4%,100% success rate,Platform,C#,.NET,kestrel,Linux,Postgres,Linux,Raw,Realistic
179,spring,"243,639",18.4%,100% success rate,Fullstack,Java,Servlet,Undertow,Linux,Postgres,Linux,Micro,Realistic
180,imi-swoole-pgsql-raw,"241,634",18.2%,100% success rate,Micro,PHP,swoole,None,Linux,Postgres,Linux,Raw,Realistic
181,hertz,"239,873",18.1%,100% success rate,Micro,Go,None,None,Linux,Postgres,Linux,Raw,Realistic
182,rack-iodine-mri-sequel-raw,"239,863",18.1%,100% success rate,Micro,Ruby,mri,iodine,Linux,Postgres,Linux,Raw,Realistic
183,imi-workerman-pgsql-raw,"236,395",17.8%,100% success rate,Micro,PHP,workerman,None,Linux,Postgres,Linux,Raw,Realistic
184,rapidoid-mysql,"234,842",17.7%,100% success rate,Platform,Java,Rapidoid,None,Linux,MySQL,Linux,Micro,Realistic
185,treefrog,"233,651",17.6%,100% success rate,Fullstack,C++,None,None,Linux,Postgres,Linux,Micro,Realistic
186,hexagon tomcat postgresql,"232,170",17.5%,100% success rate,Micro,Kotlin,Servlet,tomcat,Linux,Postgres,Linux,Raw,Realistic
187,cutelyst-pf-my,"231,889",17.5%,100% success rate,Fullstack,C++,cutelystwsgi,None,Linux,MySQL,Linux,Raw,Realistic
188,act-eclipselink-pgsql,"229,702",17.3%,100% success rate,Fullstack,Java,Undertow,None,Linux,Postgres,Linux,Full,Realistic
189,ktor-netty-r2dbc,"228,396",17.2%,100% success rate,Micro,Kotlin,Netty,None,Linux,Postgres,Linux,Raw,Realistic
190,micronaut data jdbc graalvm,"227,166",17.1%,100% success rate,Fullstack,Java,Netty,netty,Linux,Postgres,Linux,Micro,Realistic
191,http4k-jetty11loom-pgclient,"226,763",17.1%,100% success rate,Micro,Kotlin,jetty11-loom-pgclient,None,Linux,Postgres,Linux,Raw,Realistic
192,rocket,"220,494",16.6%,100% success rate,Fullstack,Rust,Rust,hyper,Linux,Postgres,Linux,Full,Realistic
193,revenj-jvm,"218,865",16.5%,100% success rate,Fullstack,Java,Servlet,Resin,Linux,Postgres,Linux,Full,Realistic
194,aspcore-vb-mw-ado-my,"215,819",16.3%,100% success rate,Micro,vb,.NET,kestrel,Linux,MySQL,Linux,Raw,Realistic
195,http4k-jettyloom-pgclient,"214,215",16.1%,100% success rate,Micro,Kotlin,jetty-loom-pgclient,None,Linux,Postgres,Linux,Raw,Realistic
196,pekko-http,"212,473",16.0%,100% success rate,Micro,Scala,pekko,None,Linux,MySQL,Linux,Raw,Realistic
197,treefrog-mongodb,"212,172",16.0%,100% success rate,Fullstack,C++,None,None,Linux,MongoDB,Linux,Micro,Realistic
198,treefrog-mysql,"211,962",16.0%,100% success rate,Fullstack,C++,None,None,Linux,MySQL,Linux,Micro,Realistic
199,officefloor-thread_affinity,"210,316",15.8%,100% success rate,Fullstack,Java,officefloor,woof,Linux,Postgres,Linux,Raw,Realistic
200,act-hibernate-pgsql,"210,190",15.8%,100% success rate,Fullstack,Java,Undertow,None,Linux,Postgres,Linux,Full,Realistic
201,hserver-business,"208,027",15.7%,100% success rate,Fullstack,Java,hserver-business,hserver-business,Linux,Postgres,Linux,Full,Realistic
202,proteus-mysql,"207,086",15.6%,100% success rate,Micro,Java,Undertow,None,Linux,MySQL,Linux,Raw,Realistic
203,nodejs-mysql-raw,"206,546",15.6%,100% success rate,Platform,JavaScript,nodejs,None,Linux,MySQL,Linux,Raw,Realistic
204,rack-falcon-mri-sequel-raw,"206,317",15.5%,100% success rate,Micro,Ruby,mri,falcon,Linux,Postgres,Linux,Raw,Realistic
205,spliffy,"202,017",15.2%,100% success rate,Micro,JavaScript,nodejs,µws,Linux,MySQL,Linux,Raw,Realistic
206,openswoole postgres,"197,258",14.9%,100% success rate,Platform,PHP,openswoole,None,Linux,Postgres,Linux,Raw,Realistic
207,ripple,"192,245",14.5%,100% success rate,Fullstack,PHP,ripple,None,Linux,MySQL,Linux,Raw,Realistic
208,micronaut data mongodb,"190,806",14.4%,100% success rate,Fullstack,Java,Netty,netty,Linux,MongoDB,Linux,Micro,Realistic
209,echo,"189,512",14.3%,100% success rate,Micro,Go,None,None,Linux,Postgres,Linux,Raw,Realistic
210,nodejs-mongodb-raw,"189,238",14.3%,100% success rate,Platform,JavaScript,nodejs,None,Linux,MongoDB,Linux,Raw,Realistic
211,akka-http,"186,763",14.1%,100% success rate,Micro,Scala,Akka,None,Linux,MySQL,Linux,Raw,Realistic
212,"appmpower [aot-no-reflection,my,odbc]","183,258",13.8%,100% success rate,Platform,C#,.NET,kestrel,Linux,MySQL,Linux,Raw,Realistic
213,ktor-netty-exposed-dsl,"176,292",13.3%,100% success rate,Micro,Kotlin,Netty,None,Linux,Postgres,Linux,Full,Realistic
214,cutelyst-pf-apg,"175,950",13.3%,100% success rate,Fullstack,C++,cutelystwsgi,None,Linux,Postgres,Linux,Raw,Realistic
215,phoenix,"175,738",13.2%,100% success rate,Fullstack,Elixir,beam,bandit,Linux,Postgres,Linux,Full,Realistic
216,ditsmod-bun v3.0 [postgres],"174,996",13.2%,100% success rate,Micro,typescript,bun,None,Linux,Postgres,Linux,Raw,Realistic
217,fastwsgi [asgi],"174,439",13.1%,100% success rate,Micro,Python,asgi,fastwsgi,Linux,Postgres,Linux,Raw,Realistic
218,slim-workerman-pgsql,"173,682",13.1%,100% success rate,Micro,PHP,workerman,None,Linux,Postgres,Linux,Raw,Realistic
219,express-postgresjs,"172,523",13.0%,100% success rate,Micro,JavaScript,nodejs,None,Linux,Postgres,Linux,Full,Realistic
220,ktor-netty-exposed-dao,"170,856",12.9%,100% success rate,Micro,Kotlin,Netty,None,Linux,Postgres,Linux,Full,Realistic
221,kami,"170,743",12.9%,100% success rate,Micro,Go,None,None,Linux,MySQL,Linux,Raw,Realistic
222,rack-puma-mri-sequel-raw,"170,600",12.9%,100% success rate,Micro,Ruby,mri,Puma,Linux,Postgres,Linux,Raw,Realistic
223,rage-sequel,"170,255",12.8%,100% success rate,Micro,Ruby,Rack,rage-iodine,Linux,Postgres,Linux,Full,Realistic
224,lapis,"169,518",12.8%,100% success rate,Fullstack,Lua,OpenResty,nginx,Linux,Postgres,Linux,Full,Realistic
225,roda-sequel-postgres-iodine-mri,"165,711",12.5%,100% success rate,Micro,Ruby,Rack,iodine,Linux,Postgres,Linux,Full,Realistic
226,granian [rsgi],"164,333",12.4%,100% success rate,Platform,Python,None,granian,Linux,Postgres,Linux,Raw,Realistic
227,blacksheep,"162,523",12.2%,100% success rate,Micro,Python,asgi,uvicorn,Linux,Postgres,Linux,Raw,Realistic
228,granian [asgi],"162,092",12.2%,100% success rate,Platform,Python,None,granian,Linux,Postgres,Linux,Raw,Realistic
229,goji,"160,640",12.1%,100% success rate,Micro,Go,None,None,Linux,MySQL,Linux,Raw,Realistic
230,nestjs-fastify,"160,502",12.1%,100% success rate,Micro,typescript,nodejs,None,Linux,Postgres,Linux,Full,Realistic
231,imi-workerman-pgsql,"160,248",12.1%,100% success rate,Fullstack,PHP,workerman,None,Linux,Postgres,Linux,Full,Realistic
232,agoo,"159,551",12.0%,100% success rate,Micro,Ruby,Rack,agoo,Linux,Postgres,Linux,Raw,Realistic
233,spring-mongo,"158,978",12.0%,100% success rate,Fullstack,Java,Servlet,Undertow,Linux,MongoDB,Linux,Full,Realistic
234,imi-swoole-pgsql,"157,673",11.9%,100% success rate,Fullstack,PHP,swoole,None,Linux,Postgres,Linux,Full,Realistic
235,php-pgsql-raw,"157,461",11.9%,100% success rate,Platform,PHP,fpm/fastcgi,nginx,Linux,Postgres,Linux,Raw,Realistic
236,go-pgx,"155,510",11.7%,100% success rate,Platform,Go,None,None,Linux,Postgres,Linux,Raw,Realistic
237,nestjs-fastify-mysql,"155,180",11.7%,100% success rate,Micro,typescript,nodejs,None,Linux,MySQL,Linux,Full,Realistic
238,panther,"155,130",11.7%,100% success rate,Micro,Python,asgi,uvicorn,Linux,Postgres,Linux,Raw,Realistic
239,ktor-jasync,"155,078",11.7%,100% success rate,Fullstack,Kotlin,None,None,Linux,Postgres,Linux,Raw,Realistic
240,imi-workerman,"154,394",11.6%,100% success rate,Fullstack,PHP,workerman,None,Linux,MySQL,Linux,Full,Realistic
241,nestjs-fastify-mongo,"154,313",11.6%,100% success rate,Micro,typescript,nodejs,None,Linux,MongoDB,Linux,Full,Realistic
242,pellet,"154,280",11.6%,100% success rate,Micro,Kotlin,None,None,Linux,Postgres,Linux,Micro,Realistic
243,micronaut r2dbc graalvm,"153,698",11.6%,100% success rate,Micro,Java,Netty,netty,Linux,Postgres,Linux,Raw,Realistic
244,imi,"150,165",11.3%,100% success rate,Fullstack,PHP,swoole,None,Linux,MySQL,Linux,Full,Realistic
245,goravel gin,"148,939",11.2%,100% success rate,Fullstack,Go,None,None,Linux,Postgres,Linux,Full,Realistic
246,rack-sequel-postgres,"146,719",11.1%,100% success rate,Micro,Ruby,Rack,Puma,Linux,Postgres,Linux,Micro,Realistic
247,php-pools,"146,431",11.0%,100% success rate,Platform,PHP,fpm/fastcgi,nginx,Linux,MySQL,Linux,Raw,Realistic
248,php,"146,187",11.0%,100% success rate,Platform,PHP,fpm/fastcgi,nginx,Linux,MySQL,Linux,Raw,Realistic
249,toro,"146,094",11.0%,100% success rate,Micro,Crystal,None,None,Linux,Postgres,Linux,Raw,Realistic
250,slim-workerman,"145,675",11.0%,100% success rate,Micro,PHP,workerman,None,Linux,MySQL,Linux,Raw,Realistic
251,ktor-cio,"145,650",11.0%,100% success rate,Micro,Kotlin,ktor,None,Linux,Postgres,Linux,Raw,Realistic
252,php-h2o,"145,560",11.0%,100% success rate,Platform,PHP,fpm/fastcgi,h2o,Linux,MySQL,Linux,Raw,Realistic
253,php-raw7-tcp,"144,954",10.9%,100% success rate,Platform,PHP,fpm/fastcgi,nginx,Linux,MySQL,Linux,Raw,Realistic
254,genhttp,"142,110",10.7%,100% success rate,Fullstack,C#,.NET,kestrel,Linux,Postgres,Linux,Raw,Realistic
255,apidaora-core,"141,430",10.7%,100% success rate,Micro,Python,None,None,Linux,Postgres,Linux,Raw,Realistic
256,es4x,"139,973",10.5%,100% success rate,Micro,JavaScript,vert.x,None,Linux,Postgres,Linux,Raw,Realistic
257,rack-sequel,"137,847",10.4%,100% success rate,Micro,Ruby,Rack,Puma,Linux,MySQL,Linux,Micro,Realistic
258,amp,"136,630",10.3%,100% success rate,Platform,PHP,amp,None,Linux,MySQL,Linux,Raw,Realistic
259,ubiquity,"135,015",10.2%,100% success rate,Fullstack,PHP,fpm/fastcgi,nginx,Linux,MySQL,Linux,Full,Realistic
260,kumbiaphp,"134,987",10.2%,100% success rate,Fullstack,PHP,fpm/fastcgi,nginx,Linux,MySQL,Linux,Micro,Realistic
261,roda-sequel-postgres,"134,120",10.1%,100% success rate,Micro,Ruby,Rack,Puma,Linux,Postgres,Linux,Full,Realistic
262,treefrog-epoll,"132,374",10.0%,100% success rate,Fullstack,C++,None,None,Linux,Postgres,Linux,Micro,Realistic
263,grizzly-jersey,"130,254",9.8%,100% success rate,Micro,Java,JAX-RS,grizzly,Linux,MySQL,Linux,Full,Realistic
264,http4k-ktornetty,"129,317",9.7%,100% success rate,Micro,Kotlin,ktor,None,Linux,Postgres,Linux,Raw,Realistic
265,php-frankenphp,"129,068",9.7%,100% success rate,Platform,PHP,frankenphp,caddy,Linux,MySQL,Linux,Raw,Realistic
266,apidaora,"129,031",9.7%,100% success rate,Micro,Python,None,None,Linux,Postgres,Linux,Raw,Realistic
267,starlite,"128,665",9.7%,100% success rate,Micro,Python,None,uvicorn,Linux,Postgres,Linux,Raw,Realistic
268,kumbiaphp-raw,"128,095",9.7%,100% success rate,Fullstack,PHP,fpm/fastcgi,nginx,Linux,MySQL,Linux,Raw,Realistic
269,nodejs-mysql,"126,700",9.5%,100% success rate,Platform,JavaScript,nodejs,None,Linux,MySQL,Linux,Full,Realistic
270,micronaut data mongodb graalvm,"126,340",9.5%,100% success rate,Fullstack,Java,Netty,netty,Linux,MongoDB,Linux,Micro,Realistic
271,roda-sequel,"123,492",9.3%,100% success rate,Micro,Ruby,Rack,Puma,Linux,MySQL,Linux,Full,Realistic
272,rack-sequel-postgres-unicorn-mri,"122,204",9.2%,100% success rate,Micro,Ruby,Rack,Unicorn,Linux,Postgres,Linux,Micro,Realistic
273,emmett55,"122,097",9.2%,100% success rate,Micro,Python,rsgi,granian,Linux,Postgres,Linux,Raw,Realistic
274,chi-scratch,"121,672",9.2%,100% success rate,Micro,Go,None,None,Linux,MySQL,Linux,Raw,Realistic
275,chi,"121,198",9.1%,100% success rate,Micro,Go,None,None,Linux,MySQL,Linux,Raw,Realistic
276,rack-sequel-unicorn-mri,"120,721",9.1%,100% success rate,Micro,Ruby,Rack,Unicorn,Linux,MySQL,Linux,Micro,Realistic
277,dropwizard-postgres,"119,677",9.0%,100% success rate,Fullstack,Java,JAX-RS,Jetty,Linux,Postgres,Linux,Full,Realistic
278,pedestal,"118,287",8.9%,100% success rate,Micro,Clojure,Jetty,None,Linux,MySQL,Linux,Micro,Realistic
279,sanic,"114,838",8.7%,100% success rate,Micro,Python,None,None,Linux,Postgres,Linux,Raw,Realistic
280,duckphp,"114,817",8.6%,100% success rate,Fullstack,PHP,fpm/fastcgi,nginx,Linux,MySQL,Linux,Raw,Realistic
281,roda-sequel-postgres-unicorn-mri,"113,531",8.6%,100% success rate,Micro,Ruby,Rack,Unicorn,Linux,Postgres,Linux,Full,Realistic
282,starlette,"111,843",8.4%,100% success rate,Micro,Python,None,None,Linux,Postgres,Linux,Raw,Realistic
283,symfony-swoole,"110,757",8.3%,100% success rate,Fullstack,PHP,swoole,None,Linux,Postgres,Linux,Full,Realistic
284,gin,"110,596",8.3%,100% success rate,Micro,Go,None,None,Linux,MySQL,Linux,Raw,Realistic
285,dropwizard,"110,355",8.3%,100% success rate,Fullstack,Java,JAX-RS,Jetty,Linux,MySQL,Linux,Full,Realistic
286,fastapi,"109,166",8.2%,100% success rate,Micro,Python,asyncio,Gunicorn,Linux,Postgres,Linux,Raw,Realistic
287,roa-pg,"109,102",8.2%,100% success rate,Micro,Rust,None,hyper,Linux,Postgres,Linux,Raw,Realistic
288,symfony-workerman,"108,017",8.1%,100% success rate,Fullstack,PHP,workerman,None,Linux,Postgres,Linux,Full,Realistic
289,spliffy,"107,475",8.1%,100% success rate,Micro,JavaScript,nodejs,µws,Linux,MongoDB,Linux,Raw,Realistic
290,rack-unicorn-mri-sequel-raw,"107,051",8.1%,100% success rate,Micro,Ruby,mri,Unicorn,Linux,Postgres,Linux,Raw,Realistic
291,gin-scratch,"106,458",8.0%,100% success rate,Micro,Go,None,None,Linux,MySQL,Linux,Raw,Realistic
292,koa-postgres,"106,354",8.0%,100% success rate,Micro,JavaScript,nodejs,None,Linux,Postgres,Linux,Raw,Realistic
293,flight,"106,000",8.0%,100% success rate,Micro,PHP,fpm/fastcgi,nginx,Linux,MySQL,Linux,Raw,Realistic
294,roa-diesel,"104,153",7.8%,100% success rate,Micro,Rust,None,hyper,Linux,Postgres,Linux,Full,Realistic
295,rage,"104,074",7.8%,100% success rate,Micro,Ruby,Rack,rage-iodine,Linux,Postgres,Linux,Full,Realistic
296,mixphp,"103,088",7.8%,100% success rate,Fullstack,PHP,fpm/fastcgi,nginx,Linux,MySQL,Linux,Micro,Realistic
297,sinatra-sequel-postgres,"102,637",7.7%,100% success rate,Micro,Ruby,Rack,Puma,Linux,Postgres,Linux,Full,Realistic
298,aiohttp-pg-raw,"100,675",7.6%,100% success rate,Micro,Python,asyncio,Gunicorn,Linux,Postgres,Linux,Raw,Realistic
299,sinatra-sequel,"100,172",7.5%,100% success rate,Micro,Ruby,Rack,Puma,Linux,MySQL,Linux,Full,Realistic
300,cfml-adobe,"99,101",7.5%,100% success rate,Platform,cfml,None,None,Linux,Postgres,Linux,Raw,Realistic
301,fastapi-uvicorn,"97,221",7.3%,100% success rate,Micro,Python,asyncio,uvicorn,Linux,Postgres,Linux,Raw,Realistic
302,php-unit,"97,131",7.3%,100% success rate,Platform,PHP,unit nginx,None,Linux,MySQL,Linux,Raw,Realistic
303,servlet-mysql,"97,127",7.3%,100% success rate,Platform,Java,Servlet,Resin,Linux,MySQL,Linux,Raw,Realistic
304,compojure-raw,"96,622",7.3%,100% success rate,Micro,Clojure,Servlet,Resin,Linux,MySQL,Linux,Raw,Realistic
305,ditsmod-bun v3.0 [mysql],"95,003",7.2%,100% success rate,Micro,typescript,bun,None,Linux,MySQL,Linux,Raw,Realistic
306,sinatra-sequel-postgres-unicorn-mri,"92,471",7.0%,100% success rate,Micro,Ruby,Rack,Unicorn,Linux,Postgres,Linux,Full,Realistic
307,vertx-web-kotlin-dsljson-postgresql,"91,922",6.9%,100% success rate,Micro,Kotlin,vert.x,None,Linux,Postgres,Linux,Raw,Realistic
308,koa-mysql,"91,079",6.9%,100% success rate,Micro,JavaScript,nodejs,None,Linux,MySQL,Linux,Raw,Realistic
309,integrated haskell platfrom (ihp),"90,447",6.8%,100% success rate,Fullstack,Haskell,Wai,wai,Linux,Postgres,Linux,Full,Realistic
310,hapi-postgres,"90,407",6.8%,100% success rate,Micro,JavaScript,nodejs,None,Linux,Postgres,Linux,Full,Realistic
311,cutelyst-pf-pg,"90,134",6.8%,100% success rate,Fullstack,C++,cutelystwsgi,None,Linux,Postgres,Linux,Raw,Realistic
312,cfml-lucee,"88,058",6.6%,100% success rate,Platform,cfml,None,None,Linux,Postgres,Linux,Raw,Realistic
313,bottle-raw,"87,369",6.6%,100% success rate,Micro,Python,Meinheld,None,Linux,MySQL,Linux,Raw,Realistic
314,spring-webflux-mongo,"87,257",6.6%,100% success rate,Fullstack,Java,Netty,None,Linux,MongoDB,Linux,Full,Realistic
315,clevergo,"86,687",6.5%,100% success rate,Micro,Go,None,None,Linux,MySQL,Linux,Raw,Realistic
316,cutelyst-t-apg-cutelee,"85,179",6.4%,100% success rate,Fullstack,C++,cutelystwsgi,None,Linux,Postgres,Linux,Raw,Realistic
317,swoole,"85,114",6.4%,100% success rate,Platform,PHP,swoole,None,Linux,MySQL,Linux,Raw,Realistic
318,http4s,"84,814",6.4%,100% success rate,Micro,Scala,NIO2,blaze,Linux,Postgres,Linux,Raw,Realistic
319,play2-java-ebean-hikaricp-netty,"83,216",6.3%,100% success rate,Fullstack,Java,Netty,None,Linux,MySQL,Linux,Full,Realistic
320,kit,"83,014",6.3%,100% success rate,Micro,Clojure,Undertow,None,Linux,Postgres,Linux,Raw,Realistic
321,nestjs,"82,444",6.2%,100% success rate,Micro,typescript,nodejs,None,Linux,Postgres,Linux,Full,Realistic
322,play2-java-jpa-hikaricp-netty,"81,664",6.2%,100% success rate,Fullstack,Java,Netty,None,Linux,MySQL,Linux,Full,Realistic
323,nestjs-mysql,"80,741",6.1%,100% success rate,Micro,typescript,nodejs,None,Linux,MySQL,Linux,Full,Realistic
324,play2-java-jooq-hikaricp-netty,"80,672",6.1%,100% success rate,Fullstack,Java,Netty,None,Linux,MySQL,Linux,Full,Realistic
325,hapi-mysql,"80,651",6.1%,100% success rate,Micro,JavaScript,nodejs,None,Linux,MySQL,Linux,Full,Realistic
326,phalcon-micro,"80,066",6.0%,100% success rate,Micro,PHP,fpm/fastcgi,nginx,Linux,MySQL,Linux,Raw,Realistic
327,officefloor-undertow,"79,541",6.0%,100% success rate,Fullstack,Java,officefloor,Undertow,Linux,Postgres,Linux,Full,Realistic
328,microdot-raw,"79,200",6.0%,100% success rate,Micro,Python,None,uvicorn,Linux,Postgres,Linux,Full,Realistic
329,elixir-plug-ecto,"78,286",5.9%,100% success rate,Micro,Elixir,beam,cowboy,Linux,Postgres,Linux,Full,Realistic
330,express-postgres,"78,136",5.9%,100% success rate,Micro,JavaScript,nodejs,None,Linux,Postgres,Linux,Full,Realistic
331,cutelyst-thr-pg-raw,"77,328",5.8%,100% success rate,Fullstack,C++,cutelystwsgi,None,Linux,Postgres,Linux,Raw,Realistic
332,yii2-raw,"76,066",5.7%,100% success rate,Fullstack,PHP,fpm/fastcgi,nginx,Linux,MySQL,Linux,Raw,Realistic
333,luminus,"75,586",5.7%,100% success rate,Micro,Clojure,Ring,None,Linux,Postgres,Linux,Raw,Realistic
334,symfony-frankenphp,"73,999",5.6%,100% success rate,Fullstack,PHP,frankenphp,caddy,Linux,Postgres,Linux,Full,Realistic
335,yii2-workerman,"73,784",5.6%,100% success rate,Fullstack,PHP,workerman,None,Linux,MySQL,Linux,Full,Realistic
336,falcon [asgi/tortoise],"73,709",5.6%,100% success rate,Micro,Python,asgi,uvicorn,Linux,Postgres,Linux,Full,Realistic
337,slim,"73,619",5.5%,100% success rate,Micro,PHP,fpm/fastcgi,nginx,Linux,MySQL,Linux,Raw,Realistic
338,rack-sequel-postgres-passenger-mri,"72,732",5.5%,100% success rate,Micro,Ruby,Rack,Passenger,Linux,Postgres,Linux,Micro,Realistic
339,ditsmod v3.0 [mysql],"72,680",5.5%,100% success rate,Micro,typescript,nodejs,None,Linux,MySQL,Linux,Raw,Realistic
340,fastify-mysql,"72,585",5.5%,100% success rate,Micro,JavaScript,nodejs,None,Linux,MySQL,Linux,Raw,Realistic
341,ktor-pgclient,"72,394",5.5%,100% success rate,Micro,Kotlin,Netty,None,Linux,Postgres,Linux,Raw,Realistic
342,rack-sequel-passenger-mri,"71,911",5.4%,100% success rate,Micro,Ruby,Rack,Passenger,Linux,MySQL,Linux,Micro,Realistic
343,nestjs-mongo,"71,774",5.4%,100% success rate,Micro,typescript,nodejs,None,Linux,MongoDB,Linux,Full,Realistic
344,express-mysql,"71,371",5.4%,100% success rate,Micro,JavaScript,nodejs,None,Linux,MySQL,Linux,Full,Realistic
345,play2-java-jooq-hikaricp,"70,080",5.3%,100% success rate,Fullstack,Java,Akka,None,Linux,MySQL,Linux,Full,Realistic
346,tapestry,"69,455",5.2%,100% success rate,Fullstack,Java,Servlet,Resin,Linux,MySQL,Linux,Full,Realistic
347,php-caddyserver,"69,082",5.2%,100% success rate,Platform,PHP,fpm/fastcgi,caddy,Linux,MySQL,Linux,Raw,Realistic
348,heaven,"68,218",5.1%,100% success rate,Micro,Python,None,None,Linux,Postgres,Linux,Raw,Realistic
349,compojure,"68,033",5.1%,100% success rate,Micro,Clojure,Servlet,Resin,Linux,MySQL,Linux,Micro,Realistic
350,axum [postgresql - deadpool],"67,449",5.1%,100% success rate,Fullstack,Rust,Rust,hyper,Linux,Postgres,Linux,Raw,Realistic
351,peachpie,"67,419",5.1%,100% success rate,Platform,PHP,.NET,kestrel,Linux,MySQL,Linux,Raw,Realistic
352,play2-java-jpa-hikaricp,"67,052",5.1%,100% success rate,Fullstack,Java,Akka,None,Linux,MySQL,Linux,Full,Realistic
353,lumen-workerman,"64,346",4.8%,100% success rate,Micro,PHP,workerman,None,Linux,MySQL,Linux,Full,Realistic
354,beetlex,"64,164",4.8%,100% success rate,Fullstack,C#,.NET,beetlex,Linux,Postgres,Linux,Raw,Realistic
355,cutelyst-thr-pg-cutelee,"63,415",4.8%,100% success rate,Fullstack,C++,cutelystwsgi,None,Linux,Postgres,Linux,Raw,Realistic
356,sinatra-postgres,"62,545",4.7%,100% success rate,Micro,Ruby,Rack,Puma,Linux,Postgres,Linux,Full,Realistic
357,sinatra-postgres-unicorn-mri,"62,413",4.7%,100% success rate,Micro,Ruby,Rack,Unicorn,Linux,Postgres,Linux,Full,Realistic
358,spark,"62,050",4.7%,100% success rate,Micro,Java,Servlet,Jetty,Linux,MySQL,Linux,Full,Realistic
359,sinatra,"61,975",4.7%,100% success rate,Micro,Ruby,Rack,Puma,Linux,MySQL,Linux,Full,Realistic
360,lwan,"61,707",4.6%,100% success rate,Micro,C,Lwan,lwan,Linux,MySQL,Linux,Raw,Realistic
361,php-eloquent,"61,412",4.6%,100% success rate,Platform,PHP,fpm/fastcgi,nginx,Linux,MySQL,Linux,Full,Realistic
362,go-my,"60,078",4.5%,100% success rate,Platform,Go,None,None,Linux,MySQL,Linux,Raw,Realistic
363,mako,"59,580",4.5%,100% success rate,Fullstack,PHP,fpm/fastcgi,nginx,Linux,MySQL,Linux,Full,Realistic
364,rack-puma-jruby-sequel-raw,"59,571",4.5%,100% success rate,Micro,Ruby,jruby,Puma,Linux,Postgres,Linux,Raw,Realistic
365,"frank, dapper","59,376",4.5%,100% success rate,Micro,f#,.NET,kestrel,Linux,Postgres,Linux,Micro,Realistic
366,racket,"57,736",4.3%,100% success rate,Micro,racket,racket,racket,Linux,Postgres,Linux,Raw,Realistic
367,play2-scala-anorm-netty,"57,502",4.3%,100% success rate,Fullstack,Scala,Netty,None,Linux,MySQL,Linux,Full,Realistic
368,"falco, donald","57,484",4.3%,100% success rate,Micro,f#,.NET,kestrel,Linux,Postgres,Linux,Micro,Realistic
369,sinatra-sequel-postgres-passenger-mri,"57,287",4.3%,100% success rate,Micro,Ruby,Rack,Passenger,Linux,Postgres,Linux,Full,Realistic
370,hummingbird,"57,038",4.3%,100% success rate,Micro,Swift,None,None,Linux,Postgres,Linux,Raw,Realistic
371,servlet-postgresql,"56,648",4.3%,100% success rate,Platform,Java,Servlet,Resin,Linux,Postgres,Linux,Raw,Realistic
372,play2-java-ebean-hikaricp,"55,503",4.2%,100% success rate,Fullstack,Java,Akka,None,Linux,MySQL,Linux,Full,Realistic
373,play2-scala-anorm,"53,388",4.0%,100% success rate,Fullstack,Scala,Akka,None,Linux,MySQL,Linux,Full,Realistic
374,officefloor,"52,749",4.0%,100% success rate,Fullstack,Java,officefloor,woof,Linux,Postgres,Linux,Full,Realistic
375,fat-free-raw,"52,349",3.9%,100% success rate,Fullstack,PHP,fpm/fastcgi,nginx,Linux,MySQL,Linux,Raw,Realistic
376,kelp,"51,790",3.9%,100% success rate,Fullstack,Perl,Plack,gazelle,Linux,MySQL,Linux,Raw,Realistic
377,cutelyst-thread-my,"50,677",3.8%,100% success rate,Fullstack,C++,cutelystwsgi,None,Linux,MySQL,Linux,Raw,Realistic
378,akka-http-slick-postgres,"50,070",3.8%,100% success rate,Micro,Scala,Akka,None,Linux,Postgres,Linux,Full,Realistic
379,laravel-workerman,"49,568",3.7%,100% success rate,Fullstack,PHP,workerman,None,Linux,MySQL,Linux,Full,Realistic
380,dropwizard-mongodb,"49,231",3.7%,100% success rate,Fullstack,Java,JAX-RS,Jetty,Linux,MongoDB,Linux,Full,Realistic
381,sinatra-sequel-postgres-iodine-mri,"48,665",3.7%,100% success rate,Micro,Ruby,Rack,iodine,Linux,Postgres,Linux,Full,Realistic
382,rails-iodine,"47,968",3.6%,100% success rate,Fullstack,Ruby,Rack,iodine,Linux,Postgres,Linux,Full,Realistic
383,yii2,"47,848",3.6%,100% success rate,Fullstack,PHP,fpm/fastcgi,nginx,Linux,MySQL,Linux,Full,Realistic
384,falcon,"47,823",3.6%,100% success rate,Micro,Python,wsgi,Meinheld,Linux,Postgres,Linux,Full,Realistic
385,tornado-py3-uvloop,"47,629",3.6%,100% success rate,Platform,Python,None,Tornado,Linux,Postgres,Linux,Raw,Realistic
386,bareasgi,"46,571",3.5%,100% success rate,Micro,Python,asyncio,hypercorn,Linux,Postgres,Linux,Raw,Realistic
387,phalcon-mongodb,"45,846",3.5%,100% success rate,Fullstack,PHP,fpm/fastcgi,nginx,Linux,MongoDB,Linux,Raw,Realistic
388,kelp-starlet-mysql,"45,509",3.4%,100% success rate,Fullstack,Perl,Plack,starlet,Linux,MySQL,Linux,Raw,Realistic
389,officefloor-micro,"45,435",3.4%,100% success rate,Fullstack,Java,officefloor,woof,Linux,Postgres,Linux,Raw,Realistic
390,saphir,"44,365",3.3%,100% success rate,Micro,Rust,None,None,Linux,MongoDB,Linux,Raw,Realistic
391,express-mongodb,"44,090",3.3%,100% success rate,Micro,JavaScript,nodejs,None,Linux,MongoDB,Linux,Full,Realistic
392,play2-scala-slick-netty,"43,382",3.3%,100% success rate,Fullstack,Scala,Netty,None,Linux,MySQL,Linux,Full,Realistic
393,rails-mysql,"43,276",3.3%,100% success rate,Fullstack,Ruby,Rack,Puma,Linux,MySQL,Linux,Full,Realistic
394,aspcore-mono-mw-pg,"43,228",3.3%,100% success rate,Micro,C#,.NET,kestrel,Linux,Postgres,Linux,Raw,Realistic
395,play2-scala-slick,"42,832",3.2%,100% success rate,Fullstack,Scala,Akka,None,Linux,MySQL,Linux,Full,Realistic
396,rails,"42,546",3.2%,100% success rate,Fullstack,Ruby,Rack,Puma,Linux,Postgres,Linux,Full,Realistic
397,phalcon,"41,986",3.2%,100% success rate,Fullstack,PHP,fpm/fastcgi,nginx,Linux,MySQL,Linux,Raw,Realistic
398,minijax,"41,927",3.2%,100% success rate,Fullstack,Java,JAX-RS,Undertow,Linux,MySQL,Linux,Full,Realistic
399,rails-falcon,"40,615",3.1%,100% success rate,Fullstack,Ruby,Rack,falcon,Linux,Postgres,Linux,Full,Realistic
400,ninja-standalone,"40,323",3.0%,100% success rate,Fullstack,Java,Jetty,None,Linux,MySQL,Linux,Full,Realistic
401,kelp-starman-mysql,"40,140",3.0%,100% success rate,Fullstack,Perl,Plack,starman,Linux,MySQL,Linux,Raw,Realistic
402,sinatra-postgres-passenger-mri,"40,039",3.0%,100% success rate,Micro,Ruby,Rack,Passenger,Linux,Postgres,Linux,Full,Realistic
403,fat-free,"39,922",3.0%,100% success rate,Fullstack,PHP,fpm/fastcgi,nginx,Linux,MySQL,Linux,Full,Realistic
404,lumen-swoole,"39,847",3.0%,100% success rate,Micro,PHP,swoole,None,Linux,MySQL,Linux,Full,Realistic
405,duct-aleph,"39,834",3.0%,100% success rate,Micro,Clojure,Netty,None,Linux,Postgres,Linux,Raw,Realistic
406,viz [postgresql - diesel],"39,766",3.0%,100% success rate,Fullstack,Rust,Rust,hyper,Linux,Postgres,Linux,Full,Realistic
407,aleph,"39,411",3.0%,100% success rate,Micro,Clojure,Netty,None,Linux,Postgres,Linux,Raw,Realistic
408,emmett,"38,744",2.9%,100% success rate,Fullstack,Python,None,None,Linux,Postgres,Linux,Full,Realistic
409,axum [postgresql - sqlx],"38,712",2.9%,100% success rate,Fullstack,Rust,Rust,hyper,Linux,Postgres,Linux,Raw,Realistic
410,officefloor-vertx,"38,372",2.9%,100% success rate,Fullstack,Java,officefloor,vertx,Linux,Postgres,Linux,Full,Realistic
411,cutelyst-thread-my-cutelee,"37,939",2.9%,100% success rate,Fullstack,C++,cutelystwsgi,None,Linux,MySQL,Linux,Raw,Realistic
412,morepath,"37,853",2.9%,100% success rate,Micro,Python,Meinheld,Gunicorn,Linux,Postgres,Linux,Full,Realistic
413,fastapi-gunicorn-orm,"37,797",2.8%,100% success rate,Micro,Python,asyncio,Gunicorn,Linux,Postgres,Linux,Full,Realistic
414,symfony-roadrunner,"36,035",2.7%,100% success rate,Fullstack,PHP,roadrunner,None,Linux,Postgres,Linux,Full,Realistic
415,aiohttp,"35,681",2.7%,100% success rate,Micro,Python,asyncio,Gunicorn,Linux,Postgres,Linux,Full,Realistic
416,falcon [pypy3],"34,716",2.6%,100% success rate,Micro,Python,wsgi,Gunicorn,Linux,Postgres,Linux,Full,Realistic
417,laravel-swoole,"34,294",2.6%,100% success rate,Fullstack,PHP,swoole,None,Linux,MySQL,Linux,Full,Realistic
418,salvo [postgres-diesel],"34,005",2.6%,100% success rate,Micro,Rust,Rust,hyper,Linux,Postgres,Linux,Raw,Realistic
419,laravel-octane [frankenphp],"33,824",2.5%,100% success rate,Fullstack,PHP,frankenphp,caddy,Linux,MySQL,Linux,Full,Realistic
420,pippo-tomcat-postgres,"32,714",2.5%,100% success rate,Micro,Java,tomcat,None,Linux,Postgres,Linux,Raw,Realistic
421,django-postgresql,"32,651",2.5%,100% success rate,Fullstack,Python,wsgi,Meinheld,Linux,Postgres,Linux,Full,Realistic
422,salvo [postgres-sqlx],"32,289",2.4%,100% success rate,Micro,Rust,Rust,hyper,Linux,Postgres,Linux,Raw,Realistic
423,pippo-undertow-postgres,"32,226",2.4%,100% success rate,Micro,Java,Undertow,None,Linux,Postgres,Linux,Raw,Realistic
424,django,"31,792",2.4%,100% success rate,Fullstack,Python,wsgi,Meinheld,Linux,MySQL,Linux,Full,Realistic
425,pyramid,"31,769",2.4%,100% success rate,Fullstack,Python,None,Meinheld,Linux,Postgres,Linux,Full,Realistic
426,falcon [fastwsgi],"31,458",2.4%,100% success rate,Micro,Python,wsgi,fastwsgi,Linux,Postgres,Linux,Full,Realistic
427,pippo-jetty-mongodb,"31,409",2.4%,100% success rate,Micro,Java,Jetty,None,Linux,MongoDB,Linux,Raw,Realistic
428,ohkami,"31,256",2.4%,100% success rate,Micro,Rust,None,ohkami,Linux,Postgres,Linux,Raw,Realistic
429,pippo-jetty-postgres,"31,140",2.3%,100% success rate,Micro,Java,Jetty,None,Linux,Postgres,Linux,Raw,Realistic
430,pippo-undertow-mysql,"31,067",2.3%,100% success rate,Micro,Java,Undertow,None,Linux,MySQL,Linux,Raw,Realistic
431,http-kit,"30,963",2.3%,100% success rate,Platform,Clojure,Ring,None,Linux,MySQL,Linux,Micro,Realistic
432,pippo-tomcat-mongodb,"30,833",2.3%,100% success rate,Micro,Java,tomcat,None,Linux,MongoDB,Linux,Raw,Realistic
433,pippo-undertow-mongodb,"30,665",2.3%,100% success rate,Micro,Java,Undertow,None,Linux,MongoDB,Linux,Raw,Realistic
434,pippo-tomcat-mysql,"30,152",2.3%,100% success rate,Micro,Java,tomcat,None,Linux,MySQL,Linux,Raw,Realistic
435,kelp-gazelle-mongodb,"29,578",2.2%,100% success rate,Fullstack,Perl,Plack,gazelle,Linux,MongoDB,Linux,Raw,Realistic
436,microdot,"29,471",2.2%,100% success rate,Micro,Python,None,uvicorn,Linux,Postgres,Linux,Full,Realistic
437,pippo-jetty-mysql,"29,467",2.2%,100% success rate,Micro,Java,Jetty,None,Linux,MySQL,Linux,Raw,Realistic
438,duct,"29,461",2.2%,100% success rate,Micro,Clojure,Ring,None,Linux,Postgres,Linux,Raw,Realistic
439,revenj,"29,070",2.2%,100% success rate,Fullstack,C#,None,None,Linux,Postgres,Linux,Full,Realistic
440,falcon [bjoern],"28,325",2.1%,100% success rate,Micro,Python,wsgi,bjoern,Linux,Postgres,Linux,Full,Realistic
441,ktor-jetty,"28,275",2.1%,100% success rate,Micro,Kotlin,Jetty,None,Linux,Postgres,Linux,Raw,Realistic
442,viz [postgresql - sqlx],"28,075",2.1%,100% success rate,Fullstack,Rust,Rust,hyper,Linux,Postgres,Linux,Raw,Realistic
443,phpixie,"28,060",2.1%,100% success rate,Fullstack,PHP,fpm/fastcgi,nginx,Linux,MySQL,Linux,Full,Realistic
444,act-eclipselink-mysql,"27,212",2.1%,100% success rate,Fullstack,Java,Undertow,None,Linux,MySQL,Linux,Full,Realistic
445,jewelia,"27,184",2.0%,100% success rate,none,julia,None,http.jl,Linux,MySQL,Linux,Raw,Realistic
446,tornado-py3,"26,849",2.0%,100% success rate,Platform,Python,None,Tornado,Linux,MongoDB,Linux,Raw,Realistic
447,jawn,"26,836",2.0%,100% success rate,Fullstack,Java,Undertow,None,Linux,Postgres,Linux,Raw,Realistic
448,salvo [postgres-deadpool],"26,782",2.0%,100% success rate,Micro,Rust,Rust,hyper,Linux,Postgres,Linux,Raw,Realistic
449,vibed-ldc-pgsql,"26,484",2.0%,100% success rate,Platform,D,None,None,Linux,Postgres,Linux,Raw,Realistic
450,kelp-starlet-mongodb,"25,939",2.0%,100% success rate,Fullstack,Perl,Plack,starlet,Linux,MongoDB,Linux,Raw,Realistic
451,symfony,"25,864",1.9%,100% success rate,Fullstack,PHP,fpm/fastcgi,nginx,Linux,Postgres,Linux,Full,Realistic
452,fuel,"25,861",1.9%,100% success rate,Micro,PHP,fpm/fastcgi,nginx,Linux,MySQL,Linux,Raw,Realistic
453,mojolicious,"25,759",1.9%,100% success rate,Fullstack,Perl,None,Hypnotoad,Linux,Postgres,Linux,Raw,Realistic
454,symfony [mysql],"25,390",1.9%,100% success rate,Fullstack,PHP,fpm/fastcgi,nginx,Linux,MySQL,Linux,Full,Realistic
455,vibed-dmd-pgsql,"25,390",1.9%,100% success rate,Platform,D,None,None,Linux,Postgres,Linux,Raw,Realistic
456,httpz (zig),"25,359",1.9%,100% success rate,Fullstack,zig,None,None,Linux,Postgres,Linux,Raw,Realistic
457,bottle,"23,840",1.8%,100% success rate,Micro,Python,Meinheld,None,Linux,MySQL,Linux,Full,Realistic
458,spiral,"23,834",1.8%,100% success rate,Fullstack,PHP,roadrunner,None,Linux,MySQL,Linux,Full,Realistic
459,kelp-starman-mongodb,"23,652",1.8%,100% success rate,Fullstack,Perl,Plack,starman,Linux,MongoDB,Linux,Raw,Realistic
460,hapi,"23,197",1.7%,100% success rate,Micro,JavaScript,nodejs,None,Linux,MongoDB,Linux,Full,Realistic
461,aspcore-mono-mvc-pg,"23,034",1.7%,100% success rate,Fullstack,C#,.NET,kestrel,Linux,Postgres,Linux,Raw,Realistic
462,lumen,"19,938",1.5%,100% success rate,Micro,PHP,fpm/fastcgi,nginx,Linux,MySQL,Linux,Full,Realistic
463,armeria,"19,679",1.5%,100% success rate,Micro,Java,Netty,None,Linux,Postgres,Linux,Raw,Realistic
464,tornado,"19,389",1.5%,100% success rate,Platform,Python,None,Tornado,Linux,MongoDB,Linux,Raw,Realistic
465,nette,"18,035",1.4%,100% success rate,Fullstack,PHP,fpm/fastcgi,nginx,Linux,MySQL,Linux,Full,Realistic
466,wolff,"18,019",1.4%,100% success rate,Fullstack,PHP,fpm/fastcgi,nginx,Linux,MySQL,Linux,Raw,Realistic
467,coldbox-lucee,"18,013",1.4%,100% success rate,Fullstack,cfml,None,None,Linux,Postgres,Linux,Raw,Realistic
468,koa,"17,936",1.4%,100% success rate,Micro,JavaScript,nodejs,None,Linux,MongoDB,Linux,Raw,Realistic
469,padrino-unicorn,"17,416",1.3%,100% success rate,Micro,Ruby,Rack,Unicorn,Linux,MySQL,Linux,Full,Realistic
470,lumen-laravel-s,"16,927",1.3%,100% success rate,Micro,PHP,swoole,None,Linux,MySQL,Linux,Full,Realistic
471,coldbox-adobe,"16,801",1.3%,100% success rate,Fullstack,cfml,None,None,Linux,Postgres,Linux,Raw,Realistic
472,laravel,"16,492",1.2%,100% success rate,Fullstack,PHP,fpm/fastcgi,nginx,Linux,MySQL,Linux,Full,Realistic
473,http-kit-raw,"16,281",1.2%,100% success rate,Platform,Clojure,Ring,None,Linux,MySQL,Linux,Raw,Realistic
474,cppcms-postgres,"16,234",1.2%,100% success rate,Platform,C++,None,None,Linux,Postgres,Linux,Raw,Realistic
475,codeigniter,"15,903",1.2%,100% success rate,Fullstack,PHP,fpm/fastcgi,nginx,Linux,MySQL,Linux,Raw,Realistic
476,cppcms,"15,514",1.2%,100% success rate,Platform,C++,None,None,Linux,MySQL,Linux,Raw,Realistic
477,hapi-nginx,"15,342",1.2%,100% success rate,Micro,JavaScript,nodejs,nginx,Linux,Postgres,Linux,Full,Realistic
478,vapor,"14,800",1.1%,100% success rate,Fullstack,Swift,None,None,Linux,Postgres,Linux,Micro,Realistic
479,laravel-laravel-s,"14,547",1.1%,100% success rate,Fullstack,PHP,swoole,None,Linux,MySQL,Linux,Full,Realistic
480,officefloor-async,"14,428",1.1%,100% success rate,Fullstack,Java,officefloor,woof,Linux,Postgres,Linux,Raw,Realistic
481,ringojs-convenient,"14,079",1.1%,100% success rate,Micro,JavaScript,RingoJs,None,Linux,MySQL,Linux,Micro,Realistic
482,crax,"14,065",1.1%,100% success rate,Micro,Python,None,None,Linux,Postgres,Linux,Raw,Realistic
483,officefloor-netty,"13,608",1.0%,100% success rate,Fullstack,Java,officefloor,netty,Linux,Postgres,Linux,Full,Realistic
484,feathersjs,"12,998",1.0%,100% success rate,Fullstack,typescript,None,None,Linux,Postgres,Linux,Full,Realistic
485,httpserver-robaho-postgres,"11,974",0.9%,100% success rate,Platform,Java,httpserver,None,Linux,Postgres,Linux,Raw,Realistic
486,tio-server,"11,825",0.9%,100% success rate,Micro,Java,t-io,None,Linux,MySQL,Linux,Raw,Realistic
487,http4k,"11,823",0.9%,35% success rate,Micro,Kotlin,sunhttp,None,Linux,Postgres,Linux,Raw,Realistic
488,fastapi-hypercorn,"11,543",0.9%,100% success rate,Micro,Python,asyncio,hypercorn,Linux,Postgres,Linux,Raw,Realistic
489,grails,"11,490",0.9%,100% success rate,Fullstack,Groovy,Servlet,None,Linux,MySQL,Linux,Full,Realistic
490,today,"10,785",0.8%,100% success rate,Fullstack,Java,Netty,None,Linux,MySQL,Linux,Micro,Realistic
491,roa-sqlx,"10,772",0.8%,100% success rate,Micro,Rust,None,hyper,Linux,Postgres,Linux,Raw,Realistic
492,http4k-sunhttploom,"10,768",0.8%,33% success rate,Micro,Kotlin,sunhttp,None,Linux,Postgres,Linux,Raw,Realistic
493,cakephp,"9,701",0.7%,100% success rate,Fullstack,PHP,fpm/fastcgi,nginx,Linux,MySQL,Linux,Full,Realistic
494,httpserver-postgres,"9,540",0.7%,31% success rate,Platform,Java,httpserver,None,Linux,Postgres,Linux,Raw,Realistic
495,laravel-roadrunner,"7,856",0.6%,100% success rate,Fullstack,PHP,roadrunner,None,Linux,MySQL,Linux,Full,Realistic
496,blade,"7,353",0.6%,100% success rate,Fullstack,Java,None,None,Linux,MySQL,Linux,Full,Realistic
497,trillium [tokio],"6,830",0.5%,100% success rate,Micro,Rust,None,None,Linux,Postgres,Linux,Full,Realistic
498,wicket,"6,627",0.5%,100% success rate,Fullstack,Java,Servlet,Resin,Linux,MySQL,Linux,Full,Realistic
499,cyberphp,"6,216",0.5%,100% success rate,Micro,PHP,workerman,None,Linux,Postgres,Linux,Raw,Realistic
500,angel3_postgresql,"5,927",0.4%,100% success rate,Fullstack,Dart,angel3,None,Linux,Postgres,Linux,Micro,Realistic
501,angel3_mysql,"5,577",0.4%,100% success rate,Fullstack,Dart,angel3,None,Linux,MySQL,Linux,Micro,Realistic
502,trillium [async-std],"5,530",0.4%,100% success rate,Micro,Rust,None,None,Linux,Postgres,Linux,Full,Realistic
503,trillium [smol],"5,521",0.4%,100% success rate,Micro,Rust,None,None,Linux,Postgres,Linux,Full,Realistic
504,duct-httpkit,"5,341",0.4%,100% success rate,Micro,Clojure,Ring,None,Linux,Postgres,Linux,Raw,Realistic
505,zap (zig),"3,549",0.3%,100% success rate,Fullstack,zig,None,None,Linux,Postgres,Linux,Full,Realistic
506,padrino,"2,554",0.2%,100% success rate,Micro,Ruby,Rack,Puma,Linux,MySQL,Linux,Full,Realistic
507,cakephp-workerman,"2,323",0.2%,100% success rate,Fullstack,PHP,workerman,None,Linux,MySQL,Linux,Full,Realistic
508,swi-prolog,755,0.1%,100% success rate,none,prolog,None,swi-prolog,Linux,Postgres,Linux,Raw,Realistic
509,officefloor-spring_data,621,0.0%,100% success rate,Fullstack,Java,officefloor,woof,Linux,Postgres,Linux,Full,Realistic
510,falcon [waitress],341,0.0%,100% success rate,Micro,Python,wsgi,waitress,Linux,Postgres,Linux,Full,Realistic
511,aioworkers,—,Did not complete,—,Platform,Python,None,aioworkers.net.web,Linux,Postgres,Linux,Raw,Realistic
512,amber,—,Did not complete,—,Fullstack,Crystal,None,None,Linux,Postgres,Linux,Full,Realistic
513,hot-mysql,—,Did not complete,—,Platform,Groovy,Jetty,Jetty,Linux,MySQL,Linux,Raw,Realistic
514,kelp-twiggy-mongodb,—,Did not complete,—,Fullstack,Perl,Plack,twiggy,Linux,MongoDB,Linux,Raw,Realistic
515,kelp-twiggy-mysql,—,Did not complete,—,Fullstack,Perl,Plack,twiggy,Linux,MySQL,Linux,Raw,Realistic
516,kooby,—,Did not complete,—,Fullstack,Kotlin,Undertow,None,Linux,Postgres,Linux,Raw,Realistic
517,nodejs-postgres,—,Did not complete,—,Platform,JavaScript,nodejs,None,Linux,Postgres,Linux,Full,Realistic
518,cherrypy-py3,—,Did not complete,—,Micro,Python,None,None,Linux,MySQL,Linux,Full,Realistic
519,paozhu,—,Did not complete,—,Fullstack,C++,None,None,Linux,MySQL,Linux,Micro,Realistic
520,plumber,—,Did not complete,—,Fullstack,r,None,None,Linux,Postgres,Linux,Raw,Realistic
521,sinatra-postgres-agoo-mri,—,Did not complete,—,Micro,Ruby,Rack,agoo,Linux,Postgres,Linux,Full,Realistic
522,uvicorn,—,Did not complete,—,Platform,Python,None,None,Linux,Postgres,Linux,Raw,Realistic
523,routerling,—,Did not complete,—,Platform,Python,None,None,Linux,Postgres,Linux,Raw,Realistic
