Rnk,Framework,Performance (higher is better),Performance(%),500-series HTTP responses,Classification,Language,Platform,Front-end server / Web-server,Application operating system,Database server,Database operating system,Object-relation mapper,Implementation approach
1,viz [postgresql],"59,374",100.0% (94.2),100% success rate,Fullstack,Rust,Rust,hyper,Linux,Postgres,Linux,Raw,Realistic
2,inverno,"59,146",99.6% (93.8),100% success rate,Micro,Java,inverno,None,Linux,Postgres,Linux,Micro,Realistic
3,just-js,"58,885",99.2% (93.4),100% success rate,Platform,JavaScript,just-js,None,Linux,Postgres,Linux,Raw,Realistic
4,"ntex [compio,db]","58,757",99.0% (93.2),100% success rate,Micro,Rust,None,ntex,Linux,Postgres,Linux,Raw,Realistic
5,may-minihttp,"58,532",98.6% (92.9),100% success rate,Micro,Rust,Rust,may-minihttp,Linux,Postgres,Linux,Raw,Realistic
6,salvo [postgres],"58,340",98.3% (92.6),100% success rate,Micro,Rust,Rust,hyper,Linux,Postgres,Linux,Raw,Realistic
7,vertx-postgres,"58,300",98.2% (92.5),100% success rate,Platform,Java,vert.x,None,Linux,Postgres,Linux,Raw,Realistic
8,h2o,"58,146",97.9% (92.3),100% success rate,Platform,C,None,h2o,Linux,Postgres,Linux,Raw,Realistic
9,"ntex [tokio,db]","58,143",97.9% (92.2),100% success rate,Micro,Rust,None,ntex,Linux,Postgres,Linux,Raw,Realistic
10,vertx-web-kotlin-dsljson-postgresql,"58,138",97.9% (92.2),100% success rate,Micro,Kotlin,vert.x,None,Linux,Postgres,Linux,Raw,Realistic
11,hyperexpress-postgres,"58,070",97.8% (92.1),100% success rate,Micro,JavaScript,nodejs,µws,Linux,Postgres,Linux,Raw,Realistic
12,uwebsockets.js,"57,875",97.5% (91.8),100% success rate,Platform,JavaScript,None,None,Linux,Postgres,Linux,Raw,Realistic
13,"quarkus, vert.x","57,616",97.0% (91.4),100% success rate,Micro,Java,vert.x,vert.x,Linux,Postgres,Linux,Raw,Realistic
14,ultimate-express-postgres,"57,569",97.0% (91.3),100% success rate,Micro,JavaScript,nodejs,µws,Linux,Postgres,Linux,Raw,Realistic
15,officefloor-rawsqlclient,"56,791",95.6% (90.1),100% success rate,Platform,Java,officefloor,woof,Linux,Postgres,Linux,Raw,Realistic
16,fastify-postgres,"56,770",95.6% (90.1),100% success rate,Micro,JavaScript,nodejs,None,Linux,Postgres,Linux,Raw,Realistic
17,ditsmod v3.0 [postgres],"56,308",94.8% (89.3),100% success rate,Micro,typescript,nodejs,None,Linux,Postgres,Linux,Raw,Realistic
18,hono,"55,713",93.8% (88.4),100% success rate,Platform,JavaScript,None,None,Linux,Postgres,Linux,Raw,Realistic
19,axum [postgresql],"55,708",93.8% (88.4),100% success rate,Fullstack,Rust,Rust,hyper,Linux,Postgres,Linux,Raw,Realistic
20,xitca-web,"55,676",93.8% (88.3),100% success rate,Micro,Rust,None,xitca-server,Linux,Postgres,Linux,Raw,Realistic
21,jooby-pgclient,"52,019",87.6% (82.5),100% success rate,Fullstack,Java,Netty,None,Linux,Postgres,Linux,Raw,Realistic
22,express-postgresjs,"50,818",85.6% (80.6),100% success rate,Micro,JavaScript,nodejs,None,Linux,Postgres,Linux,Full,Realistic
23,otavia,"47,061",79.3% (74.7),100% success rate,Micro,Scala,otavia,None,Linux,Postgres,Linux,Micro,Realistic
24,vertx-web-kotlinx-postgresql,"46,364",78.1% (73.6),100% success rate,Micro,Kotlin,vert.x,None,Linux,Postgres,Linux,Raw,Realistic
25,otavia,"46,264",77.9% (73.4),100% success rate,Micro,Scala,otavia,None,Linux,Postgres,Linux,Micro,Realistic
26,officefloor-sqlclient,"46,050",77.6% (73.1),100% success rate,Platform,Java,officefloor,woof,Linux,Postgres,Linux,Raw,Realistic
27,vertx-web-postgres,"45,893",77.3% (72.8),100% success rate,Micro,Java,vert.x,None,Linux,Postgres,Linux,Raw,Realistic
28,userver,"45,783",77.1% (72.6),100% success rate,Fullstack,C++,None,None,Linux,Postgres,Linux,Micro,Realistic
29,"quarkus, postgresql","45,717",77.0% (72.5),100% success rate,Fullstack,Java,vert.x,vert.x,Linux,Postgres,Linux,Raw,Realistic
30,wizzardo-http,"45,641",76.9% (72.4),100% success rate,Micro,Java,None,None,Linux,Postgres,Linux,Raw,Realistic
31,nodejs-postgresjs-raw,"45,595",76.8% (72.3),100% success rate,Platform,JavaScript,nodejs,None,Linux,Postgres,Linux,Raw,Realistic
32,vertx-web-kotlin-coroutines-postgres,"45,501",76.6% (72.2),100% success rate,Micro,Kotlin,vert.x,None,Linux,Postgres,Linux,Raw,Realistic
33,xitca-web [orm],"45,144",76.0% (71.6),100% success rate,Fullstack,Rust,None,xitca-server,Linux,Postgres,Linux,Full,Realistic
34,mormot [async],"43,476",73.2% (69.0),100% success rate,Fullstack,pascal,None,None,Linux,Postgres,Linux,Raw,Realistic
35,micronaut,"43,322",73.0% (68.7),100% success rate,Micro,Java,Netty,netty,Linux,Postgres,Linux,Raw,Realistic
36,elysia [compiled],"42,772",72.0% (67.9),100% success rate,Micro,typescript,bun,None,Linux,Postgres,Linux,Raw,Realistic
37,elysia [smol] [postgresql],"42,760",72.0% (67.8),100% success rate,Micro,typescript,bun,None,Linux,Postgres,Linux,Raw,Realistic
38,vertx-web-scala,"42,714",71.9% (67.8),100% success rate,Micro,Scala,vert.x,None,Linux,Postgres,Linux,Raw,Realistic
39,elysia [postgresql],"42,650",71.8% (67.7),100% success rate,Micro,typescript,bun,None,Linux,Postgres,Linux,Raw,Realistic
40,micronaut vertx pg client graalvm,"40,870",68.8% (64.8),100% success rate,Micro,Java,Netty,netty,Linux,Postgres,Linux,Raw,Realistic
41,drogon-core,"39,418",66.4% (62.5),100% success rate,Fullstack,C++,None,None,Linux,Postgres,Linux,Raw,Realistic
42,ditsmod-bun v3.0 [postgres],"38,056",64.1% (60.4),100% success rate,Micro,typescript,bun,None,Linux,Postgres,Linux,Raw,Realistic
43,lithium-postgres,"37,229",62.7% (59.1),100% success rate,Micro,C++,None,None,Linux,Postgres,Linux,Full,Realistic
44,php-ngx-pgsql,"36,801",62.0% (58.4),100% success rate,Platform,PHP,ngx_php,nginx,Linux,Postgres,Linux,Raw,Realistic
45,ubiquity-ngx-raw,"36,759",61.9% (58.3),100% success rate,Fullstack,PHP,ngx_php,nginx,Linux,Postgres,Linux,Raw,Realistic
46,ubiquity-workerman-raw,"36,723",61.9% (58.3),100% success rate,Fullstack,PHP,workerman,None,Linux,Postgres,Linux,Raw,Realistic
47,hserver,"36,646",61.7% (58.1),100% success rate,Fullstack,Java,hserver,hserver,Linux,Postgres,Linux,Full,Realistic
48,lithium-postgres-beta,"36,598",61.6% (58.1),100% success rate,Micro,C++,None,None,Linux,Postgres,Linux,Full,Realistic
49,workerman [pgsql],"36,261",61.1% (57.5),100% success rate,Platform,PHP,workerman,None,Linux,Postgres,Linux,Raw,Realistic
50,webman-pgsql,"36,095",60.8% (57.3),100% success rate,Micro,PHP,workerman,None,Linux,Postgres,Linux,Raw,Realistic
51,kumbiaphp-workerman,"36,061",60.7% (57.2),100% success rate,Fullstack,PHP,workerman,None,Linux,Postgres,Linux,Raw,Realistic
52,jooby-jetty,"35,936",60.5% (57.0),100% success rate,Fullstack,Java,Jetty,None,Linux,Postgres,Linux,Raw,Realistic
53,ubiquity-swoole,"35,832",60.3% (56.9),100% success rate,Fullstack,PHP,swoole,None,Linux,Postgres,Linux,Full,Realistic
54,ubiquity-workerman,"35,039",59.0% (55.6),100% success rate,Fullstack,PHP,workerman,None,Linux,Postgres,Linux,Full,Realistic
55,ubiquity-ngx,"34,555",58.2% (54.8),100% success rate,Fullstack,PHP,ngx_php,nginx,Linux,Postgres,Linux,Full,Realistic
56,slim-workerman-pgsql,"33,994",57.3% (53.9),100% success rate,Micro,PHP,workerman,None,Linux,Postgres,Linux,Raw,Realistic
57,mormot [orm],"33,334",56.1% (52.9),100% success rate,Fullstack,pascal,None,None,Linux,Postgres,Linux,Full,Realistic
58,axum [postgresql - deadpool],"32,685",55.0% (51.9),100% success rate,Fullstack,Rust,Rust,hyper,Linux,Postgres,Linux,Raw,Realistic
59,xitca-web [sync],"32,323",54.4% (51.3),100% success rate,Micro,Rust,None,xitca-server,Linux,Postgres,Linux,Full,Realistic
60,cutelyst-thr-apg,"31,857",53.7% (50.5),100% success rate,Fullstack,C++,cutelystwsgi,None,Linux,Postgres,Linux,Raw,Realistic
61,micronaut jdbc,"31,724",53.4% (50.3),100% success rate,Micro,Java,Netty,netty,Linux,Postgres,Linux,Raw,Realistic
62,swoole-sync-postgres,"31,642",53.3% (50.2),100% success rate,Platform,PHP,swoole,None,Linux,Postgres,Linux,Raw,Realistic
63,pippo-tomcat-postgres,"31,503",53.1% (50.0),100% success rate,Micro,Java,tomcat,None,Linux,Postgres,Linux,Raw,Realistic
64,pippo-jetty-postgres,"31,473",53.0% (49.9),100% success rate,Micro,Java,Jetty,None,Linux,Postgres,Linux,Raw,Realistic
65,micronaut data jdbc,"31,257",52.6% (49.6),100% success rate,Fullstack,Java,Netty,netty,Linux,Postgres,Linux,Micro,Realistic
66,pippo-undertow-postgres,"31,233",52.6% (49.6),100% success rate,Micro,Java,Undertow,None,Linux,Postgres,Linux,Raw,Realistic
67,fiber-prefork,"30,884",52.0% (49.0),100% success rate,Platform,Go,None,None,Linux,Postgres,Linux,Raw,Realistic
68,undertow-postgresql,"30,696",51.7% (48.7),100% success rate,Platform,Java,Undertow,None,Linux,Postgres,Linux,Raw,Realistic
69,goframe,"30,430",51.3% (48.3),100% success rate,Platform,Go,None,None,Linux,Postgres,Linux,Raw,Realistic
70,fasthttp-prefork,"30,176",50.8% (47.9),100% success rate,Platform,Go,None,None,Linux,Postgres,Linux,Raw,Realistic
71,atreugo-prefork,"30,061",50.6% (47.7),100% success rate,Platform,Go,None,None,Linux,Postgres,Linux,Raw,Realistic
72,hserver-business,"29,987",50.5% (47.6),100% success rate,Fullstack,Java,hserver-business,hserver-business,Linux,Postgres,Linux,Full,Realistic
73,dropwizard-postgres,"29,829",50.2% (47.3),100% success rate,Fullstack,Java,JAX-RS,Jetty,Linux,Postgres,Linux,Full,Realistic
74,spring,"29,320",49.4% (46.5),100% success rate,Fullstack,Java,Servlet,Undertow,Linux,Postgres,Linux,Micro,Realistic
75,officefloor-r2dbc,"28,939",48.7% (45.9),100% success rate,Platform,Java,officefloor,woof,Linux,Postgres,Linux,Raw,Realistic
76,gearbox,"28,835",48.6% (45.7),100% success rate,Platform,Go,None,None,Linux,Postgres,Linux,Raw,Realistic
77,ffead-cpp [pg-raw-async-prof-pool],"28,810",48.5% (45.7),100% success rate,Fullstack,C++,None,ffead-cpp,Linux,Postgres,Linux,Raw,Realistic
78,micronaut jdbc graalvm,"28,761",48.4% (45.6),100% success rate,Micro,Java,Netty,netty,Linux,Postgres,Linux,Raw,Realistic
79,fasthttp,"28,707",48.3% (45.5),100% success rate,Platform,Go,None,None,Linux,Postgres,Linux,Raw,Realistic
80,mormot [direct],"28,502",48.0% (45.2),100% success rate,Fullstack,pascal,None,None,Linux,Postgres,Linux,Raw,Realistic
81,micronaut data jdbc graalvm,"28,266",47.6% (44.8),100% success rate,Fullstack,Java,Netty,netty,Linux,Postgres,Linux,Micro,Realistic
82,es4x,"27,474",46.3% (43.6),100% success rate,Micro,JavaScript,vert.x,None,Linux,Postgres,Linux,Raw,Realistic
83,"appmpower [aot-no-reflection,pg,odbc]","26,383",44.4% (41.9),100% success rate,Platform,C#,.NET,kestrel,Linux,Postgres,Linux,Raw,Realistic
84,rack-iodine-mri-sequel-raw,"25,719",43.3% (40.8),100% success rate,Micro,Ruby,mri,iodine,Linux,Postgres,Linux,Raw,Realistic
85,imi-workerman-pgsql-raw,"24,944",42.0% (39.6),100% success rate,Micro,PHP,workerman,None,Linux,Postgres,Linux,Raw,Realistic
86,greenlightning,"24,914",42.0% (39.5),100% success rate,Micro,Java,None,None,Linux,Postgres,Linux,Raw,Realistic
87,cutelyst-pf-apg-batch,"24,490",41.2% (38.9),100% success rate,Fullstack,C++,cutelystwsgi,None,Linux,Postgres,Linux,Raw,Realistic
88,phoenix,"24,140",40.7% (38.3),100% success rate,Fullstack,Elixir,beam,bandit,Linux,Postgres,Linux,Full,Realistic
89,drogon,"24,033",40.5% (38.1),100% success rate,Fullstack,C++,None,None,Linux,Postgres,Linux,Micro,Realistic
90,rack-unicorn-mri-sequel-raw,"23,916",40.3% (37.9),100% success rate,Micro,Ruby,mri,Unicorn,Linux,Postgres,Linux,Raw,Realistic
91,rack-sequel-postgres-unicorn-mri,"23,534",39.6% (37.3),100% success rate,Micro,Ruby,Rack,Unicorn,Linux,Postgres,Linux,Micro,Realistic
92,roda-sequel-postgres,"23,139",39.0% (36.7),100% success rate,Micro,Ruby,Rack,Puma,Linux,Postgres,Linux,Full,Realistic
93,http4k-helidon-pgclient,"22,688",38.2% (36.0),100% success rate,Micro,Kotlin,helidon-pgclient,None,Linux,Postgres,Linux,Raw,Realistic
94,treefrog-epoll,"22,515",37.9% (35.7),100% success rate,Fullstack,C++,None,None,Linux,Postgres,Linux,Micro,Realistic
95,sinatra-sequel-postgres,"22,361",37.7% (35.5),100% success rate,Micro,Ruby,Rack,Puma,Linux,Postgres,Linux,Full,Realistic
96,hexagon jetty loom pgclient,"21,671",36.5% (34.4),100% success rate,Micro,Kotlin,Servlet,None,Linux,Postgres,Linux,Raw,Realistic
97,granian [rsgi],"21,647",36.5% (34.3),100% success rate,Platform,Python,None,granian,Linux,Postgres,Linux,Raw,Realistic
98,hexagon helidon pgclient,"21,429",36.1% (34.0),100% success rate,Micro,Kotlin,helidon,None,Linux,Postgres,Linux,Raw,Realistic
99,rack-sequel-postgres,"20,406",34.4% (32.4),100% success rate,Micro,Ruby,Rack,Puma,Linux,Postgres,Linux,Micro,Realistic
100,roda-sequel-postgres-unicorn-mri,"20,276",34.1% (32.2),100% success rate,Micro,Ruby,Rack,Unicorn,Linux,Postgres,Linux,Full,Realistic
101,hexagon helidon native pgclient,"20,047",33.8% (31.8),100% success rate,Micro,Kotlin,helidon,None,Linux,Postgres,Linux,Raw,Realistic
102,easyrpc,"20,035",33.7% (31.8),100% success rate,Fullstack,C#,.NET,kestrel,Linux,Postgres,Linux,Raw,Realistic
103,sinatra-sequel-postgres-unicorn-mri,"20,029",33.7% (31.8),100% success rate,Micro,Ruby,Rack,Unicorn,Linux,Postgres,Linux,Full,Realistic
104,roda-sequel-postgres-iodine-mri,"19,975",33.6% (31.7),100% success rate,Micro,Ruby,Rack,iodine,Linux,Postgres,Linux,Full,Realistic
105,http4k-apache4,"19,908",33.5% (31.6),100% success rate,Micro,Kotlin,apache-httpcore,None,Linux,Postgres,Linux,Raw,Realistic
106,http4k-netty,"19,900",33.5% (31.6),100% success rate,Micro,Kotlin,Netty,None,Linux,Postgres,Linux,Raw,Realistic
107,http4k-jetty,"19,892",33.5% (31.6),100% success rate,Micro,Kotlin,Jetty,None,Linux,Postgres,Linux,Raw,Realistic
108,http4k-jetty11,"19,890",33.5% (31.6),100% success rate,Micro,Kotlin,jetty11,None,Linux,Postgres,Linux,Raw,Realistic
109,http4k-undertow,"19,876",33.5% (31.5),100% success rate,Micro,Kotlin,Undertow,None,Linux,Postgres,Linux,Raw,Realistic
110,sinatra-sequel-postgres-iodine-mri,"19,852",33.4% (31.5),100% success rate,Micro,Ruby,Rack,iodine,Linux,Postgres,Linux,Full,Realistic
111,http4k-ratpack,"19,770",33.3% (31.4),100% success rate,Micro,Kotlin,Netty,None,Linux,Postgres,Linux,Raw,Realistic
112,oxpecker,"19,751",33.3% (31.3),100% success rate,Micro,f#,.NET,kestrel,Linux,Postgres,Linux,Raw,Realistic
113,http4k-jetty11loom-jdbc,"19,614",33.0% (31.1),100% success rate,Micro,Kotlin,jetty11-loom-jdbc,None,Linux,Postgres,Linux,Raw,Realistic
114,http4k-jettyloom-jdbc,"19,566",33.0% (31.0),100% success rate,Micro,Kotlin,jetty-loom-jdbc,None,Linux,Postgres,Linux,Raw,Realistic
115,hexagon netty epoll pgclient,"19,419",32.7% (30.8),100% success rate,Micro,Kotlin,Netty,None,Linux,Postgres,Linux,Raw,Realistic
116,kooby,"19,398",32.7% (30.8),100% success rate,Fullstack,Kotlin,Undertow,None,Linux,Postgres,Linux,Raw,Realistic
117,http4k-helidon-jdbc,"19,361",32.6% (30.7),100% success rate,Micro,Kotlin,helidon,None,Linux,Postgres,Linux,Raw,Realistic
118,go-pgx-easyjson,"18,093",30.5% (28.7),100% success rate,Platform,Go,None,None,Linux,Postgres,Linux,Raw,Realistic
119,beetlex,"17,943",30.2% (28.5),100% success rate,Fullstack,C#,.NET,beetlex,Linux,Postgres,Linux,Raw,Realistic
120,jawn,"17,769",29.9% (28.2),100% success rate,Fullstack,Java,Undertow,None,Linux,Postgres,Linux,Raw,Realistic
121,ffead-cpp [pg-raw-async-qw-prof-pool-m],"17,748",29.9% (28.2),100% success rate,Fullstack,C++,None,ffead-cpp,Linux,Postgres,Linux,Raw,Realistic
122,ffead-cpp [pg-raw-async-prof-pool-m],"17,747",29.9% (28.2),100% success rate,Fullstack,C++,None,ffead-cpp,Linux,Postgres,Linux,Raw,Realistic
123,sinatra-sequel-postgres-passenger-mri,"17,661",29.7% (28.0),100% success rate,Micro,Ruby,Rack,Passenger,Linux,Postgres,Linux,Full,Realistic
124,go-pgx,"17,619",29.7% (28.0),100% success rate,Platform,Go,None,None,Linux,Postgres,Linux,Raw,Realistic
125,rack-sequel-postgres-passenger-mri,"17,538",29.5% (27.8),100% success rate,Micro,Ruby,Rack,Passenger,Linux,Postgres,Linux,Micro,Realistic
126,light-4j,"17,505",29.5% (27.8),100% success rate,Platform,Java,light-4j,None,Linux,Postgres,Linux,Raw,Realistic
127,jooby-jaxrs,"17,379",29.3% (27.6),100% success rate,Fullstack,Java,Undertow,None,Linux,Postgres,Linux,Raw,Realistic
128,mixphp-workerman-pgsql,"17,316",29.2% (27.5),100% success rate,Fullstack,PHP,workerman,None,Linux,Postgres,Linux,Raw,Realistic
129,hexagon-jetty-native,"17,176",28.9% (27.3),100% success rate,Micro,Kotlin,Servlet,None,Linux,Postgres,Linux,Raw,Realistic
130,hexagon netty epoll postgresql,"17,151",28.9% (27.2),100% success rate,Micro,Kotlin,Netty,None,Linux,Postgres,Linux,Raw,Realistic
131,http4k-ktornetty,"17,117",28.8% (27.2),100% success rate,Micro,Kotlin,ktor,None,Linux,Postgres,Linux,Raw,Realistic
132,hexagon tomcat postgresql,"17,113",28.8% (27.2),100% success rate,Micro,Kotlin,Servlet,tomcat,Linux,Postgres,Linux,Raw,Realistic
133,hexagon,"17,111",28.8% (27.1),100% success rate,Micro,Kotlin,Servlet,None,Linux,Postgres,Linux,Raw,Realistic
134,comet,"17,103",28.8% (27.1),100% success rate,Micro,PHP,workerman,None,Linux,Postgres,Linux,Raw,Realistic
135,helidon,"16,980",28.6% (26.9),100% success rate,Micro,Java,Netty,None,Linux,Postgres,Linux,Raw,Realistic
136,aspnetcore-aot,"16,936",28.5% (26.9),100% success rate,Platform,C#,.NET,kestrel,Linux,Postgres,Linux,Raw,Realistic
137,hexagon helidon postgresql,"16,905",28.5% (26.8),100% success rate,Micro,Kotlin,helidon,None,Linux,Postgres,Linux,Raw,Realistic
138,workerman-pgsql,"16,763",28.2% (26.6),100% success rate,Platform,PHP,workerman,None,Linux,Postgres,Linux,Raw,Realistic
139,hexagon-jettyloom,"16,715",28.2% (26.5),100% success rate,Micro,Kotlin,Servlet,None,Linux,Postgres,Linux,Raw,Realistic
140,jooby-netty,"16,676",28.1% (26.5),100% success rate,Fullstack,Java,Netty,None,Linux,Postgres,Linux,Raw,Realistic
141,fastwsgi [asgi],"16,508",27.8% (26.2),100% success rate,Micro,Python,asgi,fastwsgi,Linux,Postgres,Linux,Raw,Realistic
142,jooby,"16,136",27.2% (25.6),100% success rate,Fullstack,Java,Undertow,None,Linux,Postgres,Linux,Raw,Realistic
143,gemini-postgres,"16,128",27.2% (25.6),100% success rate,Fullstack,Java,Servlet,Resin,Linux,Postgres,Linux,Micro,Realistic
144,cutelyst-thread-apg,"16,112",27.1% (25.6),100% success rate,Fullstack,C++,cutelystwsgi,None,Linux,Postgres,Linux,Raw,Realistic
145,salvo [postgres-deadpool],"15,710",26.5% (24.9),100% success rate,Micro,Rust,Rust,hyper,Linux,Postgres,Linux,Raw,Realistic
146,fiber,"15,708",26.5% (24.9),100% success rate,Platform,Go,None,None,Linux,Postgres,Linux,Raw,Realistic
147,atreugo,"15,703",26.4% (24.9),100% success rate,Platform,Go,None,None,Linux,Postgres,Linux,Raw,Realistic
148,hertz,"15,551",26.2% (24.7),100% success rate,Micro,Go,None,None,Linux,Postgres,Linux,Raw,Realistic
149,quarkus,"15,482",26.1% (24.6),100% success rate,Fullstack,Java,resteasy reactive,vert.x,Linux,Postgres,Linux,Full,Realistic
150,servlet-postgresql,"15,475",26.1% (24.6),100% success rate,Platform,Java,Servlet,Resin,Linux,Postgres,Linux,Raw,Realistic
151,rage,"15,473",26.1% (24.5),100% success rate,Micro,Ruby,Rack,rage-iodine,Linux,Postgres,Linux,Full,Realistic
152,cutelyst-pf-pg,"15,399",25.9% (24.4),100% success rate,Fullstack,C++,cutelystwsgi,None,Linux,Postgres,Linux,Raw,Realistic
153,cutelyst-thr-pg-raw,"15,181",25.6% (24.1),100% success rate,Fullstack,C++,cutelystwsgi,None,Linux,Postgres,Linux,Raw,Realistic
154,kit,"15,163",25.5% (24.1),100% success rate,Micro,Clojure,Undertow,None,Linux,Postgres,Linux,Raw,Realistic
155,rocket,"15,074",25.4% (23.9),100% success rate,Fullstack,Rust,Rust,hyper,Linux,Postgres,Linux,Full,Realistic
156,micronaut r2dbc,"14,987",25.2% (23.8),100% success rate,Micro,Java,Netty,netty,Linux,Postgres,Linux,Raw,Realistic
157,feersum,"14,920",25.1% (23.7),100% success rate,Platform,Perl,None,feersum,Linux,Postgres,Linux,Raw,Realistic
158,aiohttp-pg-raw,"14,832",25.0% (23.5),100% success rate,Micro,Python,asyncio,Gunicorn,Linux,Postgres,Linux,Raw,Realistic
159,granian [asgi],"14,771",24.9% (23.4),100% success rate,Platform,Python,None,granian,Linux,Postgres,Linux,Raw,Realistic
160,spring-webflux,"14,679",24.7% (23.3),100% success rate,Fullstack,Java,Netty,None,Linux,Postgres,Linux,Micro,Realistic
161,openswoole postgres,"14,650",24.7% (23.2),100% success rate,Platform,PHP,openswoole,None,Linux,Postgres,Linux,Raw,Realistic
162,javalin-postgres,"14,578",24.6% (23.1),100% success rate,Micro,Java,Jetty,None,Linux,Postgres,Linux,Raw,Realistic
163,bareasgi,"14,565",24.5% (23.1),100% success rate,Micro,Python,asyncio,hypercorn,Linux,Postgres,Linux,Raw,Realistic
164,emmett55,"14,439",24.3% (22.9),100% success rate,Micro,Python,rsgi,granian,Linux,Postgres,Linux,Raw,Realistic
165,beetlex-core,"14,410",24.3% (22.9),100% success rate,Platform,C#,.NET,beetlex,Linux,Postgres,Linux,Raw,Realistic
166,agoo,"14,388",24.2% (22.8),100% success rate,Micro,Ruby,Rack,agoo,Linux,Postgres,Linux,Raw,Realistic
167,revenj-jvm,"14,010",23.6% (22.2),100% success rate,Fullstack,Java,Servlet,Resin,Linux,Postgres,Linux,Full,Realistic
168,aspnetcore,"13,854",23.3% (22.0),100% success rate,Platform,C#,.NET,kestrel,Linux,Postgres,Linux,Raw,Realistic
169,revenj,"13,801",23.2% (21.9),100% success rate,Fullstack,C#,None,None,Linux,Postgres,Linux,Full,Realistic
170,"asp.net core [minimal apis, pg, dapper]","13,664",23.0% (21.7),100% success rate,Micro,C#,.NET,kestrel,Linux,Postgres,Linux,Micro,Realistic
171,micronaut r2dbc graalvm,"13,660",23.0% (21.7),100% success rate,Micro,Java,Netty,netty,Linux,Postgres,Linux,Raw,Realistic
172,panther,"13,657",23.0% (21.7),100% success rate,Micro,Python,asgi,uvicorn,Linux,Postgres,Linux,Raw,Realistic
173,"quarkus, reactive","13,603",22.9% (21.6),100% success rate,Fullstack,Java,resteasy reactive,vert.x,Linux,Postgres,Linux,Full,Realistic
174,cutelyst-pf-apg,"13,540",22.8% (21.5),100% success rate,Fullstack,C++,cutelystwsgi,None,Linux,Postgres,Linux,Raw,Realistic
175,rack-puma-mri-sequel-raw,"13,373",22.5% (21.2),100% success rate,Micro,Ruby,mri,Puma,Linux,Postgres,Linux,Raw,Realistic
176,fastapi,"13,297",22.4% (21.1),100% success rate,Micro,Python,asyncio,Gunicorn,Linux,Postgres,Linux,Raw,Realistic
177,fastapi-uvicorn,"13,055",22.0% (20.7),100% success rate,Micro,Python,asyncio,uvicorn,Linux,Postgres,Linux,Raw,Realistic
178,fastapi-gunicorn-orjson,"12,951",21.8% (20.5),100% success rate,Micro,Python,asyncio,Gunicorn,Linux,Postgres,Linux,Raw,Realistic
179,act-eclipselink-pgsql,"12,939",21.8% (20.5),100% success rate,Fullstack,Java,Undertow,None,Linux,Postgres,Linux,Full,Realistic
180,apidaora,"12,801",21.6% (20.3),100% success rate,Micro,Python,None,None,Linux,Postgres,Linux,Raw,Realistic
181,tornado-py3-uvloop,"12,789",21.5% (20.3),100% success rate,Platform,Python,None,Tornado,Linux,Postgres,Linux,Raw,Realistic
182,apidaora-core,"12,788",21.5% (20.3),100% success rate,Micro,Python,None,None,Linux,Postgres,Linux,Raw,Realistic
183,fastapi-uvicorn-orjson,"12,666",21.3% (20.1),100% success rate,Micro,Python,asyncio,uvicorn,Linux,Postgres,Linux,Raw,Realistic
184,officefloor-thread_affinity,"12,617",21.3% (20.0),100% success rate,Fullstack,Java,officefloor,woof,Linux,Postgres,Linux,Raw,Realistic
185,aspcore-vb-mw-ado-pg,"12,517",21.1% (19.9),100% success rate,Micro,vb,.NET,kestrel,Linux,Postgres,Linux,Raw,Realistic
186,ktor-netty-r2dbc,"12,467",21.0% (19.8),100% success rate,Micro,Kotlin,Netty,None,Linux,Postgres,Linux,Raw,Realistic
187,sanic,"12,252",20.6% (19.4),100% success rate,Micro,Python,None,None,Linux,Postgres,Linux,Raw,Realistic
188,imi-workerman-pgsql,"12,206",20.6% (19.4),100% success rate,Fullstack,PHP,workerman,None,Linux,Postgres,Linux,Full,Realistic
189,officefloor-micro,"12,153",20.5% (19.3),100% success rate,Fullstack,Java,officefloor,woof,Linux,Postgres,Linux,Raw,Realistic
190,cfml-lucee,"12,071",20.3% (19.2),100% success rate,Platform,cfml,None,None,Linux,Postgres,Linux,Raw,Realistic
191,imi-swoole-pgsql,"12,067",20.3% (19.1),100% success rate,Fullstack,PHP,swoole,None,Linux,Postgres,Linux,Full,Realistic
192,php-pgsql-raw,"11,887",20.0% (18.9),100% success rate,Platform,PHP,fpm/fastcgi,nginx,Linux,Postgres,Linux,Raw,Realistic
193,gearbox prefork,"11,868",20.0% (18.8),100% success rate,Platform,Go,None,None,Linux,Postgres,Linux,Raw,Realistic
194,sinatra-postgres,"11,840",19.9% (18.8),100% success rate,Micro,Ruby,Rack,Puma,Linux,Postgres,Linux,Full,Realistic
195,heaven,"11,755",19.8% (18.7),100% success rate,Micro,Python,None,None,Linux,Postgres,Linux,Raw,Realistic
196,microdot-raw,"11,697",19.7% (18.6),100% success rate,Micro,Python,None,uvicorn,Linux,Postgres,Linux,Full,Realistic
197,officefloor,"11,493",19.4% (18.2),100% success rate,Fullstack,Java,officefloor,woof,Linux,Postgres,Linux,Full,Realistic
198,ubiquity-swoole-mysql,"11,342",19.1% (18.0),100% success rate,Fullstack,PHP,swoole,None,Linux,MySQL,Linux,Full,Realistic
199,rails-falcon,"11,288",19.0% (17.9),100% success rate,Fullstack,Ruby,Rack,falcon,Linux,Postgres,Linux,Full,Realistic
200,blacksheep,"11,249",18.9% (17.8),100% success rate,Micro,Python,asgi,uvicorn,Linux,Postgres,Linux,Raw,Realistic
201,sinatra-postgres-unicorn-mri,"11,243",18.9% (17.8),100% success rate,Micro,Ruby,Rack,Unicorn,Linux,Postgres,Linux,Full,Realistic
202,ubiquity-workerman-mysql,"10,960",18.5% (17.4),100% success rate,Fullstack,PHP,workerman,None,Linux,MySQL,Linux,Full,Realistic
203,cfml-adobe,"10,894",18.3% (17.3),100% success rate,Platform,cfml,None,None,Linux,Postgres,Linux,Raw,Realistic
204,goravel fiber,"10,854",18.3% (17.2),100% success rate,Fullstack,Go,None,None,Linux,Postgres,Linux,Full,Realistic
205,symfony-workerman,"10,408",17.5% (16.5),100% success rate,Fullstack,PHP,workerman,None,Linux,Postgres,Linux,Full,Realistic
206,officefloor-netty,"10,218",17.2% (16.2),100% success rate,Fullstack,Java,officefloor,netty,Linux,Postgres,Linux,Full,Realistic
207,go-my-prefork,"10,001",16.8% (15.9),100% success rate,Platform,Go,None,None,Linux,MySQL,Linux,Raw,Realistic
208,lithium,"9,970",16.8% (15.8),100% success rate,Micro,C++,None,None,Linux,MySQL,Linux,Full,Realistic
209,officefloor-undertow,"9,941",16.7% (15.8),100% success rate,Fullstack,Java,officefloor,Undertow,Linux,Postgres,Linux,Full,Realistic
210,fastapi-hypercorn,"9,935",16.7% (15.8),100% success rate,Micro,Python,asyncio,hypercorn,Linux,Postgres,Linux,Raw,Realistic
211,symfony-frankenphp,"9,888",16.7% (15.7),100% success rate,Fullstack,PHP,frankenphp,caddy,Linux,Postgres,Linux,Full,Realistic
212,fastapi-hypercorn-orjson,"9,830",16.6% (15.6),100% success rate,Micro,Python,asyncio,hypercorn,Linux,Postgres,Linux,Raw,Realistic
213,symfony-swoole,"9,802",16.5% (15.6),100% success rate,Fullstack,PHP,swoole,None,Linux,Postgres,Linux,Full,Realistic
214,micronaut data mongodb,"9,801",16.5% (15.6),100% success rate,Fullstack,Java,Netty,netty,Linux,MongoDB,Linux,Micro,Realistic
215,officefloor-vertx,"9,771",16.5% (15.5),100% success rate,Fullstack,Java,officefloor,vertx,Linux,Postgres,Linux,Full,Realistic
216,officefloor-async,"9,616",16.2% (15.3),100% success rate,Fullstack,Java,officefloor,woof,Linux,Postgres,Linux,Raw,Realistic
217,go-pgx-prefork-easyjson,"9,610",16.2% (15.2),100% success rate,Platform,Go,None,None,Linux,Postgres,Linux,Raw,Realistic
218,genhttp,"9,327",15.7% (14.8),100% success rate,Fullstack,C#,.NET,kestrel,Linux,Postgres,Linux,Raw,Realistic
219,goravel gin,"9,294",15.7% (14.7),100% success rate,Fullstack,Go,None,None,Linux,Postgres,Linux,Full,Realistic
220,spliffy,"9,285",15.6% (14.7),100% success rate,Micro,JavaScript,nodejs,µws,Linux,MongoDB,Linux,Raw,Realistic
221,lapis,"9,159",15.4% (14.5),100% success rate,Fullstack,Lua,OpenResty,nginx,Linux,Postgres,Linux,Full,Realistic
222,rails-iodine,"9,105",15.3% (14.4),100% success rate,Fullstack,Ruby,Rack,iodine,Linux,Postgres,Linux,Full,Realistic
223,go-pgx-prefork,"9,095",15.3% (14.4),100% success rate,Platform,Go,None,None,Linux,Postgres,Linux,Raw,Realistic
224,sinatra-postgres-passenger-mri,"8,889",15.0% (14.1),100% success rate,Micro,Ruby,Rack,Passenger,Linux,Postgres,Linux,Full,Realistic
225,ubiquity,"8,887",15.0% (14.1),100% success rate,Fullstack,PHP,fpm/fastcgi,nginx,Linux,MySQL,Linux,Full,Realistic
226,ubiquity-workerman-mongo,"8,855",14.9% (14.0),100% success rate,Fullstack,PHP,workerman,None,Linux,MongoDB,Linux,Full,Realistic
227,http4k-graalvm,"8,797",14.8% (14.0),59% success rate,Micro,Kotlin,graalvm,None,Linux,Postgres,Linux,Raw,Realistic
228,nestjs-fastify-mongo,"8,664",14.6% (13.7),100% success rate,Micro,typescript,nodejs,None,Linux,MongoDB,Linux,Full,Realistic
229,nestjs-mongo,"8,658",14.6% (13.7),100% success rate,Micro,typescript,nodejs,None,Linux,MongoDB,Linux,Full,Realistic
230,coldbox-adobe,"8,634",14.5% (13.7),100% success rate,Fullstack,cfml,None,None,Linux,Postgres,Linux,Raw,Realistic
231,symfony-raw,"8,566",14.4% (13.6),100% success rate,Fullstack,PHP,fpm/fastcgi,nginx,Linux,Postgres,Linux,Raw,Realistic
232,rails,"8,537",14.4% (13.5),100% success rate,Fullstack,Ruby,Rack,Puma,Linux,Postgres,Linux,Full,Realistic
233,symfony [mysql],"8,454",14.2% (13.4),100% success rate,Fullstack,PHP,fpm/fastcgi,nginx,Linux,MySQL,Linux,Full,Realistic
234,echo,"8,338",14.0% (13.2),100% success rate,Micro,Go,None,None,Linux,Postgres,Linux,Raw,Realistic
235,pippo-tomcat-mysql,"8,010",13.5% (12.7),100% success rate,Micro,Java,tomcat,None,Linux,MySQL,Linux,Raw,Realistic
236,http4k-jettyloom-pgclient,"8,003",13.5% (12.7),100% success rate,Micro,Kotlin,jetty-loom-pgclient,None,Linux,Postgres,Linux,Raw,Realistic
237,pippo-undertow-mysql,"7,981",13.4% (12.7),100% success rate,Micro,Java,Undertow,None,Linux,MySQL,Linux,Raw,Realistic
238,pippo-jetty-mysql,"7,877",13.3% (12.5),100% success rate,Micro,Java,Jetty,None,Linux,MySQL,Linux,Raw,Realistic
239,treefrog-mongodb,"7,848",13.2% (12.5),100% success rate,Fullstack,C++,None,None,Linux,MongoDB,Linux,Micro,Realistic
240,http4k-jetty11loom-pgclient,"7,772",13.1% (12.3),100% success rate,Micro,Kotlin,jetty11-loom-pgclient,None,Linux,Postgres,Linux,Raw,Realistic
241,vapor,"7,671",12.9% (12.2),100% success rate,Fullstack,Swift,None,None,Linux,Postgres,Linux,Raw,Realistic
242,micronaut data mongodb graalvm,"7,522",12.7% (11.9),100% success rate,Fullstack,Java,Netty,netty,Linux,MongoDB,Linux,Micro,Realistic
243,nodejs-mongodb-raw,"7,496",12.6% (11.9),100% success rate,Platform,JavaScript,nodejs,None,Linux,MongoDB,Linux,Raw,Realistic
244,luminus,"7,489",12.6% (11.9),100% success rate,Micro,Clojure,Ring,None,Linux,Postgres,Linux,Raw,Realistic
245,symfony,"7,420",12.5% (11.8),100% success rate,Fullstack,PHP,fpm/fastcgi,nginx,Linux,Postgres,Linux,Full,Realistic
246,aleph,"7,286",12.3% (11.6),100% success rate,Micro,Clojure,Netty,None,Linux,Postgres,Linux,Raw,Realistic
247,mesh,"7,115",12.0% (11.3),100% success rate,Platform,JavaScript,None,None,Linux,Postgres,Linux,Raw,Realistic
248,spliffy,"7,111",12.0% (11.3),100% success rate,Micro,JavaScript,nodejs,µws,Linux,Postgres,Linux,Raw,Realistic
249,salvo [mongodb-raw],"6,977",11.8% (11.1),100% success rate,Micro,Rust,Rust,hyper,Linux,MongoDB,Linux,Raw,Realistic
250,salvo [mongodb],"6,847",11.5% (10.9),100% success rate,Micro,Rust,Rust,hyper,Linux,MongoDB,Linux,Raw,Realistic
251,axum [mongodb],"6,844",11.5% (10.9),100% success rate,Fullstack,Rust,Rust,hyper,Linux,MongoDB,Linux,Raw,Realistic
252,axum [mongodb raw],"6,778",11.4% (10.8),100% success rate,Fullstack,Rust,Rust,hyper,Linux,MongoDB,Linux,Raw,Realistic
253,hummingbird,"6,776",11.4% (10.8),100% success rate,Micro,Swift,None,None,Linux,Postgres,Linux,Raw,Realistic
254,nodejs-mongodb,"6,629",11.2% (10.5),100% success rate,Platform,JavaScript,nodejs,None,Linux,MongoDB,Linux,Full,Realistic
255,gin-gorm,"6,604",11.1% (10.5),100% success rate,Fullstack,Go,None,None,Linux,Postgres,Linux,Full,Realistic
256,go-my,"6,496",10.9% (10.3),100% success rate,Platform,Go,None,None,Linux,MySQL,Linux,Raw,Realistic
257,crystal-radix,"6,416",10.8% (10.2),100% success rate,Platform,Crystal,None,None,Linux,Postgres,Linux,Raw,Realistic
258,martini,"6,383",10.8% (10.1),100% success rate,Micro,Go,None,None,Linux,Postgres,Linux,Raw,Realistic
259,crystal,"6,332",10.7% (10.0),100% success rate,Platform,Crystal,None,None,Linux,Postgres,Linux,Raw,Realistic
260,hertz-gorm,"6,264",10.6% (9.9),100% success rate,Fullstack,Go,None,None,Linux,Postgres,Linux,Full,Realistic
261,kemal,"6,216",10.5% (9.9),100% success rate,Fullstack,Crystal,None,None,Linux,Postgres,Linux,Micro,Realistic
262,lucky,"5,972",10.1% (9.5),100% success rate,Fullstack,Crystal,None,None,Linux,Postgres,Linux,Full,Realistic
263,nestjs-fastify,"5,482",9.2% (8.7),100% success rate,Micro,typescript,nodejs,None,Linux,Postgres,Linux,Full,Realistic
264,nestjs,"5,384",9.1% (8.5),100% success rate,Micro,typescript,nodejs,None,Linux,Postgres,Linux,Full,Realistic
265,aspnetcore-mysql,"5,371",9.0% (8.5),100% success rate,Platform,C#,.NET,kestrel,Linux,MySQL,Linux,Raw,Realistic
266,php-workerman,"5,203",8.8% (8.3),100% success rate,Platform,PHP,workerman,None,Linux,MySQL,Linux,Raw,Realistic
267,mesh,"5,201",8.8% (8.3),100% success rate,Platform,JavaScript,None,None,Linux,MongoDB,Linux,Raw,Realistic
268,imi-workerman-mysql-raw,"5,187",8.7% (8.2),100% success rate,Micro,PHP,workerman,None,Linux,MySQL,Linux,Raw,Realistic
269,goji,"5,151",8.7% (8.2),100% success rate,Micro,Go,None,None,Linux,MySQL,Linux,Raw,Realistic
270,falcon [pypy3],"5,113",8.6% (8.1),100% success rate,Micro,Python,wsgi,Gunicorn,Linux,Postgres,Linux,Full,Realistic
271,slim-workerman,"5,030",8.5% (8.0),100% success rate,Micro,PHP,workerman,None,Linux,MySQL,Linux,Raw,Realistic
272,gin-scratch,"4,998",8.4% (7.9),100% success rate,Micro,Go,None,None,Linux,MySQL,Linux,Raw,Realistic
273,php-h2o,"4,981",8.4% (7.9),100% success rate,Platform,PHP,fpm/fastcgi,h2o,Linux,MySQL,Linux,Raw,Realistic
274,play2-java-ebean-hikaricp,"4,968",8.4% (7.9),100% success rate,Fullstack,Java,Akka,None,Linux,MySQL,Linux,Full,Realistic
275,gin,"4,887",8.2% (7.8),100% success rate,Micro,Go,None,None,Linux,MySQL,Linux,Raw,Realistic
276,imi-swoole-mysql-raw,"4,858",8.2% (7.7),100% success rate,Micro,PHP,swoole,None,Linux,MySQL,Linux,Raw,Realistic
277,play2-java-jpa-hikaricp,"4,854",8.2% (7.7),100% success rate,Fullstack,Java,Akka,None,Linux,MySQL,Linux,Full,Realistic
278,http4k-helidon-graalvm,"4,853",8.2% (7.7),100% success rate,Micro,Kotlin,graalvm,None,Linux,Postgres,Linux,Raw,Realistic
279,codeigniter,"4,815",8.1% (7.6),100% success rate,Fullstack,PHP,fpm/fastcgi,nginx,Linux,MySQL,Linux,Raw,Realistic
280,imi-workerman,"4,798",8.1% (7.6),100% success rate,Fullstack,PHP,workerman,None,Linux,MySQL,Linux,Full,Realistic
281,chi-gojay,"4,785",8.1% (7.6),100% success rate,Micro,Go,None,None,Linux,MySQL,Linux,Raw,Realistic
282,php-raw7-tcp,"4,762",8.0% (7.6),100% success rate,Platform,PHP,fpm/fastcgi,nginx,Linux,MySQL,Linux,Raw,Realistic
283,feersum,"4,758",8.0% (7.5),100% success rate,Platform,Perl,None,feersum,Linux,MySQL,Linux,Raw,Realistic
284,php-ngx-mysql,"4,752",8.0% (7.5),100% success rate,Platform,PHP,ngx_php,nginx,Linux,MySQL,Linux,Raw,Realistic
285,gemini-mysql,"4,716",7.9% (7.5),100% success rate,Fullstack,Java,Servlet,Resin,Linux,MySQL,Linux,Micro,Realistic
286,chi-scratch,"4,706",7.9% (7.5),100% success rate,Micro,Go,None,None,Linux,MySQL,Linux,Raw,Realistic
287,spider-gazelle,"4,704",7.9% (7.5),100% success rate,Fullstack,Crystal,None,None,Linux,Postgres,Linux,Full,Realistic
288,kumbiaphp-raw,"4,668",7.9% (7.4),100% success rate,Fullstack,PHP,fpm/fastcgi,nginx,Linux,MySQL,Linux,Raw,Realistic
289,chi-sjson,"4,637",7.8% (7.4),100% success rate,Micro,Go,None,None,Linux,MySQL,Linux,Raw,Realistic
290,php-unit,"4,626",7.8% (7.3),100% success rate,Platform,PHP,unit nginx,None,Linux,MySQL,Linux,Raw,Realistic
291,aspcore-vb-mw-ado-my,"4,619",7.8% (7.3),100% success rate,Micro,vb,.NET,kestrel,Linux,MySQL,Linux,Raw,Realistic
292,chi,"4,608",7.8% (7.3),100% success rate,Micro,Go,None,None,Linux,MySQL,Linux,Raw,Realistic
293,kami,"4,597",7.7% (7.3),100% success rate,Micro,Go,None,None,Linux,MySQL,Linux,Raw,Realistic
294,"workerman [jit, mysql]","4,584",7.7% (7.3),100% success rate,Platform,PHP,workerman,None,Linux,MySQL,Linux,Raw,Realistic
295,chi-sjson-prefork,"4,582",7.7% (7.3),100% success rate,Micro,Go,None,None,Linux,MySQL,Linux,Raw,Realistic
296,play2-java-ebean-hikaricp-netty,"4,580",7.7% (7.3),100% success rate,Fullstack,Java,Netty,None,Linux,MySQL,Linux,Full,Realistic
297,php,"4,565",7.7% (7.2),100% success rate,Platform,PHP,fpm/fastcgi,nginx,Linux,MySQL,Linux,Raw,Realistic
298,chi-prefork,"4,563",7.7% (7.2),100% success rate,Micro,Go,None,None,Linux,MySQL,Linux,Raw,Realistic
299,chi-gojay-prefork,"4,546",7.7% (7.2),100% success rate,Micro,Go,None,None,Linux,MySQL,Linux,Raw,Realistic
300,php-frankenphp,"4,543",7.7% (7.2),100% success rate,Platform,PHP,frankenphp,caddy,Linux,MySQL,Linux,Raw,Realistic
301,spliffy,"4,534",7.6% (7.2),100% success rate,Micro,JavaScript,nodejs,µws,Linux,MySQL,Linux,Raw,Realistic
302,zend,"4,534",7.6% (7.2),100% success rate,Fullstack,PHP,fpm/fastcgi,nginx,Linux,MySQL,Linux,Full,Realistic
303,http4k,"4,530",7.6% (7.2),97% success rate,Micro,Kotlin,sunhttp,None,Linux,Postgres,Linux,Raw,Realistic
304,comet-mysql,"4,528",7.6% (7.2),100% success rate,Micro,PHP,workerman,None,Linux,MySQL,Linux,Raw,Realistic
305,"workerman [jit, mysql, swow, async]","4,508",7.6% (7.2),100% success rate,Platform,PHP,workerman,None,Linux,MySQL,Linux,Raw,Realistic
306,toro,"4,495",7.6% (7.1),100% success rate,Micro,Crystal,None,None,Linux,Postgres,Linux,Raw,Realistic
307,openswoole,"4,472",7.5% (7.1),100% success rate,Platform,PHP,openswoole,None,Linux,MySQL,Linux,Raw,Realistic
308,kumbiaphp,"4,468",7.5% (7.1),100% success rate,Fullstack,PHP,fpm/fastcgi,nginx,Linux,MySQL,Linux,Micro,Realistic
309,yii2-raw,"4,455",7.5% (7.1),100% success rate,Fullstack,PHP,fpm/fastcgi,nginx,Linux,MySQL,Linux,Raw,Realistic
310,simps,"4,427",7.5% (7.0),100% success rate,Micro,PHP,swoole,None,Linux,MySQL,Linux,Raw,Realistic
311,aspcore-mono-mw-pg,"4,400",7.4% (7.0),100% success rate,Micro,C#,.NET,kestrel,Linux,Postgres,Linux,Raw,Realistic
312,"workerman [jit, mysql, swoole, async]","4,400",7.4% (7.0),100% success rate,Platform,PHP,workerman,None,Linux,MySQL,Linux,Raw,Realistic
313,fat-free-raw,"4,385",7.4% (7.0),100% success rate,Fullstack,PHP,fpm/fastcgi,nginx,Linux,MySQL,Linux,Raw,Realistic
314,nette,"4,384",7.4% (7.0),100% success rate,Fullstack,PHP,fpm/fastcgi,nginx,Linux,MySQL,Linux,Full,Realistic
315,kumbiaphp-workerman-mysql,"4,379",7.4% (6.9),100% success rate,Fullstack,PHP,workerman,None,Linux,MySQL,Linux,Micro,Realistic
316,mixphp-swoole-mysql,"4,349",7.3% (6.9),100% success rate,Fullstack,PHP,swoole,None,Linux,MySQL,Linux,Micro,Realistic
317,mixphp-workerman-mysql,"4,347",7.3% (6.9),100% success rate,Fullstack,PHP,workerman,None,Linux,MySQL,Linux,Micro,Realistic
318,yii2-workerman,"4,345",7.3% (6.9),100% success rate,Fullstack,PHP,workerman,None,Linux,MySQL,Linux,Full,Realistic
319,php-caddyserver,"4,329",7.3% (6.9),100% success rate,Platform,PHP,fpm/fastcgi,caddy,Linux,MySQL,Linux,Raw,Realistic
320,duckphp,"4,325",7.3% (6.9),100% success rate,Fullstack,PHP,fpm/fastcgi,nginx,Linux,MySQL,Linux,Raw,Realistic
321,wolff,"4,309",7.3% (6.8),100% success rate,Fullstack,PHP,fpm/fastcgi,nginx,Linux,MySQL,Linux,Raw,Realistic
322,flight,"4,307",7.3% (6.8),100% success rate,Micro,PHP,fpm/fastcgi,nginx,Linux,MySQL,Linux,Raw,Realistic
323,swoole-no-async,"4,303",7.2% (6.8),100% success rate,Platform,PHP,swoole,None,Linux,MySQL,Linux,Raw,Realistic
324,imi,"4,269",7.2% (6.8),100% success rate,Fullstack,PHP,swoole,None,Linux,MySQL,Linux,Full,Realistic
325,grape,"4,261",7.2% (6.8),100% success rate,Micro,Ruby,Rack,Puma,Linux,MySQL,Linux,Full,Realistic
326,pekko-http,"4,244",7.1% (6.7),100% success rate,Micro,Scala,pekko,None,Linux,MySQL,Linux,Raw,Realistic
327,php-pools,"4,235",7.1% (6.7),100% success rate,Platform,PHP,fpm/fastcgi,nginx,Linux,MySQL,Linux,Raw,Realistic
328,simps-micro,"4,214",7.1% (6.7),100% success rate,Micro,PHP,swoole,None,Linux,MySQL,Linux,Micro,Realistic
329,phpixie,"4,175",7.0% (6.6),100% success rate,Fullstack,PHP,fpm/fastcgi,nginx,Linux,MySQL,Linux,Full,Realistic
330,bottle-raw,"4,144",7.0% (6.6),100% success rate,Micro,Python,Meinheld,None,Linux,MySQL,Linux,Raw,Realistic
331,openswoole no-async,"4,125",6.9% (6.5),100% success rate,Platform,PHP,openswoole,None,Linux,MySQL,Linux,Raw,Realistic
332,yii2,"4,109",6.9% (6.5),100% success rate,Fullstack,PHP,fpm/fastcgi,nginx,Linux,MySQL,Linux,Full,Realistic
333,phalcon,"4,050",6.8% (6.4),100% success rate,Fullstack,PHP,fpm/fastcgi,nginx,Linux,MySQL,Linux,Raw,Realistic
334,akka-http,"3,980",6.7% (6.3),100% success rate,Micro,Scala,Akka,None,Linux,MySQL,Linux,Raw,Realistic
335,sinatra,"3,944",6.6% (6.3),100% success rate,Micro,Ruby,Rack,Puma,Linux,MySQL,Linux,Full,Realistic
336,fat-free,"3,937",6.6% (6.2),100% success rate,Fullstack,PHP,fpm/fastcgi,nginx,Linux,MySQL,Linux,Full,Realistic
337,sinatra-sequel,"3,921",6.6% (6.2),100% success rate,Micro,Ruby,Rack,Puma,Linux,MySQL,Linux,Full,Realistic
338,slim,"3,906",6.6% (6.2),100% success rate,Micro,PHP,fpm/fastcgi,nginx,Linux,MySQL,Linux,Raw,Realistic
339,ringojs,"3,895",6.6% (6.2),100% success rate,Platform,JavaScript,Jetty,None,Linux,MySQL,Linux,Raw,Realistic
340,hapi-postgres,"3,887",6.5% (6.2),100% success rate,Micro,JavaScript,nodejs,None,Linux,Postgres,Linux,Full,Realistic
341,mixphp,"3,873",6.5% (6.1),100% success rate,Fullstack,PHP,fpm/fastcgi,nginx,Linux,MySQL,Linux,Micro,Realistic
342,rack-sequel,"3,833",6.5% (6.1),100% success rate,Micro,Ruby,Rack,Puma,Linux,MySQL,Linux,Micro,Realistic
343,roda-sequel,"3,816",6.4% (6.1),100% success rate,Micro,Ruby,Rack,Puma,Linux,MySQL,Linux,Full,Realistic
344,ninja-standalone,"3,783",6.4% (6.0),100% success rate,Fullstack,Java,Jetty,None,Linux,MySQL,Linux,Full,Realistic
345,rails-mysql,"3,728",6.3% (5.9),100% success rate,Fullstack,Ruby,Rack,Puma,Linux,MySQL,Linux,Full,Realistic
346,pellet,"3,718",6.3% (5.9),100% success rate,Micro,Kotlin,None,None,Linux,Postgres,Linux,Micro,Realistic
347,aspcore-mono-mvc-pg,"3,707",6.2% (5.9),100% success rate,Fullstack,C#,.NET,kestrel,Linux,Postgres,Linux,Raw,Realistic
348,servlet-mysql,"3,703",6.2% (5.9),100% success rate,Platform,Java,Servlet,Resin,Linux,MySQL,Linux,Raw,Realistic
349,http4s,"3,702",6.2% (5.9),100% success rate,Micro,Scala,NIO2,blaze,Linux,Postgres,Linux,Raw,Realistic
350,jewelia,"3,663",6.2% (5.8),100% success rate,none,julia,None,http.jl,Linux,MySQL,Linux,Raw,Realistic
351,mako,"3,604",6.1% (5.7),100% success rate,Fullstack,PHP,fpm/fastcgi,nginx,Linux,MySQL,Linux,Full,Realistic
352,ditsmod-bun v3.0 [mysql],"3,600",6.1% (5.7),100% success rate,Micro,typescript,bun,None,Linux,MySQL,Linux,Raw,Realistic
353,compojure-raw,"3,592",6.0% (5.7),100% success rate,Micro,Clojure,Servlet,Resin,Linux,MySQL,Linux,Raw,Realistic
354,koa-mysql,"3,569",6.0% (5.7),100% success rate,Micro,JavaScript,nodejs,None,Linux,MySQL,Linux,Raw,Realistic
355,racket,"3,541",6.0% (5.6),100% success rate,Micro,racket,racket,racket,Linux,Postgres,Linux,Raw,Realistic
356,express-mongodb,"3,532",5.9% (5.6),100% success rate,Micro,JavaScript,nodejs,None,Linux,MongoDB,Linux,Full,Realistic
357,laravel-octane [frankenphp],"3,484",5.9% (5.5),100% success rate,Fullstack,PHP,frankenphp,caddy,Linux,MySQL,Linux,Full,Realistic
358,spark,"3,479",5.9% (5.5),100% success rate,Micro,Java,Servlet,Jetty,Linux,MySQL,Linux,Full,Realistic
359,lumen-swoole,"3,477",5.9% (5.5),100% success rate,Micro,PHP,swoole,None,Linux,MySQL,Linux,Full,Realistic
360,laravel-swoole,"3,472",5.8% (5.5),100% success rate,Fullstack,PHP,swoole,None,Linux,MySQL,Linux,Full,Realistic
361,lumen-workerman,"3,431",5.8% (5.4),100% success rate,Micro,PHP,workerman,None,Linux,MySQL,Linux,Full,Realistic
362,laravel-workerman,"3,398",5.7% (5.4),100% success rate,Fullstack,PHP,workerman,None,Linux,MySQL,Linux,Full,Realistic
363,php-eloquent,"3,352",5.6% (5.3),100% success rate,Platform,PHP,fpm/fastcgi,nginx,Linux,MySQL,Linux,Full,Realistic
364,play2-scala-anorm-netty,"3,312",5.6% (5.3),100% success rate,Fullstack,Scala,Netty,None,Linux,MySQL,Linux,Full,Realistic
365,lumen,"3,309",5.6% (5.3),100% success rate,Micro,PHP,fpm/fastcgi,nginx,Linux,MySQL,Linux,Full,Realistic
366,hapi-nginx,"3,296",5.6% (5.2),100% success rate,Micro,JavaScript,nodejs,nginx,Linux,Postgres,Linux,Full,Realistic
367,grails,"3,288",5.5% (5.2),100% success rate,Fullstack,Groovy,Servlet,None,Linux,MySQL,Linux,Full,Realistic
368,"appmpower [aot-no-reflection,my,odbc]","3,197",5.4% (5.1),100% success rate,Platform,C#,.NET,kestrel,Linux,MySQL,Linux,Raw,Realistic
369,laravel,"3,192",5.4% (5.1),100% success rate,Fullstack,PHP,fpm/fastcgi,nginx,Linux,MySQL,Linux,Full,Realistic
370,play2-java-jooq-hikaricp,"3,108",5.2% (4.9),100% success rate,Fullstack,Java,Akka,None,Linux,MySQL,Linux,Full,Realistic
371,pyramid,"3,013",5.1% (4.8),100% success rate,Fullstack,Python,None,Meinheld,Linux,Postgres,Linux,Full,Realistic
372,feathersjs,"2,998",5.0% (4.8),100% success rate,Fullstack,typescript,None,None,Linux,Postgres,Linux,Full,Realistic
373,pedestal,"2,954",5.0% (4.7),100% success rate,Micro,Clojure,Jetty,None,Linux,MySQL,Linux,Micro,Realistic
374,express-mysql,"2,917",4.9% (4.6),100% success rate,Micro,JavaScript,nodejs,None,Linux,MySQL,Linux,Full,Realistic
375,http-kit-raw,"2,907",4.9% (4.6),100% success rate,Platform,Clojure,Ring,None,Linux,MySQL,Linux,Raw,Realistic
376,nestjs-fastify-mysql,"2,901",4.9% (4.6),100% success rate,Micro,typescript,nodejs,None,Linux,MySQL,Linux,Full,Realistic
377,nestjs-mysql,"2,891",4.9% (4.6),100% success rate,Micro,typescript,nodejs,None,Linux,MySQL,Linux,Full,Realistic
378,ktor-pgclient,"2,787",4.7% (4.4),100% success rate,Micro,Kotlin,Netty,None,Linux,Postgres,Linux,Raw,Realistic
379,roa-pg,"2,746",4.6% (4.4),100% success rate,Micro,Rust,None,hyper,Linux,Postgres,Linux,Raw,Realistic
380,hyperexpress-mysql,"2,711",4.6% (4.3),100% success rate,Micro,JavaScript,nodejs,µws,Linux,MySQL,Linux,Raw,Realistic
381,ultimate-express-mysql,"2,670",4.5% (4.2),100% success rate,Micro,JavaScript,nodejs,µws,Linux,MySQL,Linux,Raw,Realistic
382,saphir,"2,611",4.4% (4.1),100% success rate,Micro,Rust,None,None,Linux,MongoDB,Linux,Raw,Realistic
383,play2-scala-anorm,"2,555",4.3% (4.1),100% success rate,Fullstack,Scala,Akka,None,Linux,MySQL,Linux,Full,Realistic
384,play2-java-jooq-hikaricp-netty,"2,509",4.2% (4.0),100% success rate,Fullstack,Java,Netty,None,Linux,MySQL,Linux,Full,Realistic
385,vapor,"2,434",4.1% (3.9),100% success rate,Fullstack,Swift,None,None,Linux,Postgres,Linux,Micro,Realistic
386,hapi,"2,413",4.1% (3.8),100% success rate,Micro,JavaScript,nodejs,None,Linux,MongoDB,Linux,Full,Realistic
387,coldbox-lucee,"2,352",4.0% (3.7),100% success rate,Fullstack,cfml,None,None,Linux,Postgres,Linux,Raw,Realistic
388,cakephp-workerman,"2,346",4.0% (3.7),100% success rate,Fullstack,PHP,workerman,None,Linux,MySQL,Linux,Full,Realistic
389,hapi-mysql,"2,315",3.9% (3.7),100% success rate,Micro,JavaScript,nodejs,None,Linux,MySQL,Linux,Full,Realistic
390,ffead-cpp [pg-raw-async-qw-prof],"2,268",3.8% (3.6),100% success rate,Fullstack,C++,None,ffead-cpp,Linux,Postgres,Linux,Raw,Realistic
391,viz [postgresql - sqlx],"2,239",3.8% (3.6),100% success rate,Fullstack,Rust,Rust,hyper,Linux,Postgres,Linux,Raw,Realistic
392,fastify-mysql,"2,155",3.6% (3.4),100% success rate,Micro,JavaScript,nodejs,None,Linux,MySQL,Linux,Raw,Realistic
393,ditsmod v3.0 [mysql],"2,152",3.6% (3.4),100% success rate,Micro,typescript,nodejs,None,Linux,MySQL,Linux,Raw,Realistic
394,laravel-roadrunner,"2,099",3.5% (3.3),100% success rate,Fullstack,PHP,roadrunner,None,Linux,MySQL,Linux,Full,Realistic
395,clevergo,"2,092",3.5% (3.3),100% success rate,Micro,Go,None,None,Linux,MySQL,Linux,Raw,Realistic
396,django-postgresql,"2,085",3.5% (3.3),100% success rate,Fullstack,Python,wsgi,Meinheld,Linux,Postgres,Linux,Full,Realistic
397,nodejs-mysql,"2,038",3.4% (3.2),100% success rate,Platform,JavaScript,nodejs,None,Linux,MySQL,Linux,Full,Realistic
398,vibed-ldc-pgsql,"1,942",3.3% (3.1),100% success rate,Platform,D,None,None,Linux,Postgres,Linux,Raw,Realistic
399,ffead-cpp [pg-raw-async-prof],"1,903",3.2% (3.0),100% success rate,Fullstack,C++,None,ffead-cpp,Linux,Postgres,Linux,Raw,Realistic
400,cakephp,"1,794",3.0% (2.8),100% success rate,Fullstack,PHP,fpm/fastcgi,nginx,Linux,MySQL,Linux,Full,Realistic
401,ktor-netty-exposed-dsl,"1,748",2.9% (2.8),100% success rate,Micro,Kotlin,Netty,None,Linux,Postgres,Linux,Full,Realistic
402,falcon,"1,710",2.9% (2.7),100% success rate,Micro,Python,wsgi,Meinheld,Linux,Postgres,Linux,Full,Realistic
403,tornado,"1,708",2.9% (2.7),100% success rate,Platform,Python,None,Tornado,Linux,MongoDB,Linux,Raw,Realistic
404,falcon [meinheld-orjson],"1,669",2.8% (2.6),100% success rate,Micro,Python,wsgi,Meinheld,Linux,Postgres,Linux,Full,Realistic
405,kelp-gazelle-mongodb,"1,656",2.8% (2.6),100% success rate,Fullstack,Perl,Plack,gazelle,Linux,MongoDB,Linux,Raw,Realistic
406,kelp-starlet-mongodb,"1,620",2.7% (2.6),100% success rate,Fullstack,Perl,Plack,starlet,Linux,MongoDB,Linux,Raw,Realistic
407,vibed-dmd-pgsql,"1,614",2.7% (2.6),100% success rate,Platform,D,None,None,Linux,Postgres,Linux,Raw,Realistic
408,kelp-starman-mongodb,"1,594",2.7% (2.5),100% success rate,Fullstack,Perl,Plack,starman,Linux,MongoDB,Linux,Raw,Realistic
409,symfony-roadrunner,"1,562",2.6% (2.5),100% success rate,Fullstack,PHP,roadrunner,None,Linux,Postgres,Linux,Full,Realistic
410,bottle,"1,510",2.5% (2.4),100% success rate,Micro,Python,Meinheld,None,Linux,MySQL,Linux,Full,Realistic
411,tornado-py3,"1,496",2.5% (2.4),100% success rate,Platform,Python,None,Tornado,Linux,MongoDB,Linux,Raw,Realistic
412,onyx,"1,479",2.5% (2.3),100% success rate,Fullstack,Crystal,None,None,Linux,Postgres,Linux,Full,Realistic
413,kelp-starman-mysql,"1,469",2.5% (2.3),100% success rate,Fullstack,Perl,Plack,starman,Linux,MySQL,Linux,Raw,Realistic
414,mojolicious,"1,441",2.4% (2.3),100% success rate,Fullstack,Perl,None,Hypnotoad,Linux,Postgres,Linux,Raw,Realistic
415,fastapi-gunicorn-orm,"1,439",2.4% (2.3),100% success rate,Micro,Python,asyncio,Gunicorn,Linux,Postgres,Linux,Full,Realistic
416,ktor-jasync,"1,360",2.3% (2.2),100% success rate,Fullstack,Kotlin,None,None,Linux,Postgres,Linux,Raw,Realistic
417,kelp-starlet-mysql,"1,349",2.3% (2.1),100% success rate,Fullstack,Perl,Plack,starlet,Linux,MySQL,Linux,Raw,Realistic
418,microdot,"1,301",2.2% (2.1),100% success rate,Micro,Python,None,uvicorn,Linux,Postgres,Linux,Full,Realistic
419,rack-sequel-passenger-mri,"1,280",2.2% (2.0),100% success rate,Micro,Ruby,Rack,Passenger,Linux,MySQL,Linux,Micro,Realistic
420,kelp,"1,262",2.1% (2.0),100% success rate,Fullstack,Perl,Plack,gazelle,Linux,MySQL,Linux,Raw,Realistic
421,rack-sequel-unicorn-mri,"1,228",2.1% (1.9),100% success rate,Micro,Ruby,Rack,Unicorn,Linux,MySQL,Linux,Micro,Realistic
422,django,"1,160",2.0% (1.8),100% success rate,Fullstack,Python,wsgi,Meinheld,Linux,MySQL,Linux,Full,Realistic
423,ripple,"1,147",1.9% (1.8),100% success rate,Fullstack,PHP,ripple,None,Linux,MySQL,Linux,Raw,Realistic
424,treefrog-mysql,"1,119",1.9% (1.8),100% success rate,Fullstack,C++,None,None,Linux,MySQL,Linux,Micro,Realistic
425,peachpie,"1,108",1.9% (1.8),100% success rate,Platform,PHP,.NET,kestrel,Linux,MySQL,Linux,Raw,Realistic
426,falcon [fastwsgi],"1,106",1.9% (1.8),100% success rate,Micro,Python,wsgi,fastwsgi,Linux,Postgres,Linux,Full,Realistic
427,one-no-coroutine,"1,071",1.8% (1.7),100% success rate,Fullstack,PHP,swoole,None,Linux,MySQL,Linux,Full,Realistic
428,grape-unicorn,"1,066",1.8% (1.7),100% success rate,Micro,Ruby,Rack,Unicorn,Linux,MySQL,Linux,Full,Realistic
429,ktor-cio,"1,052",1.8% (1.7),100% success rate,Micro,Kotlin,ktor,None,Linux,Postgres,Linux,Raw,Realistic
430,swoole,"1,045",1.8% (1.7),100% success rate,Platform,PHP,swoole,None,Linux,MySQL,Linux,Raw,Realistic
431,nodejs-mysql-raw,"1,025",1.7% (1.6),100% success rate,Platform,JavaScript,nodejs,None,Linux,MySQL,Linux,Raw,Realistic
432,padrino-unicorn,"1,022",1.7% (1.6),100% success rate,Micro,Ruby,Rack,Unicorn,Linux,MySQL,Linux,Full,Realistic
433,cutelyst-thread-my,"1,012",1.7% (1.6),100% success rate,Fullstack,C++,cutelystwsgi,None,Linux,MySQL,Linux,Raw,Realistic
434,falcon [bjoern],"1,002",1.7% (1.6),100% success rate,Micro,Python,wsgi,bjoern,Linux,Postgres,Linux,Full,Realistic
435,ohkami,976,1.6% (1.5),100% success rate,Micro,Rust,None,ohkami,Linux,Postgres,Linux,Raw,Realistic
436,angel3_postgresql,924,1.6% (1.5),100% success rate,Fullstack,Dart,angel3,None,Linux,Postgres,Linux,Micro,Realistic
437,spring-mongo,814,1.4% (1.3),100% success rate,Fullstack,Java,Servlet,Undertow,Linux,MongoDB,Linux,Full,Realistic
438,http-kit,689,1.2% (1.1),100% success rate,Platform,Clojure,Ring,None,Linux,MySQL,Linux,Micro,Realistic
439,emmett,684,1.2% (1.1),100% success rate,Fullstack,Python,None,None,Linux,Postgres,Linux,Full,Realistic
440,salvo [postgres-diesel],634,1.1% (1.0),100% success rate,Micro,Rust,Rust,hyper,Linux,Postgres,Linux,Raw,Realistic
441,play2-scala-slick,631,1.1% (1.0),97% success rate,Fullstack,Scala,Akka,None,Linux,MySQL,Linux,Full,Realistic
442,act-eclipselink-mysql,561,0.9% (0.9),100% success rate,Fullstack,Java,Undertow,None,Linux,MySQL,Linux,Full,Realistic
443,swi-prolog,531,0.9% (0.8),100% success rate,none,prolog,None,swi-prolog,Linux,Postgres,Linux,Raw,Realistic
444,minijax,487,0.8% (0.8),100% success rate,Fullstack,Java,JAX-RS,Undertow,Linux,MySQL,Linux,Full,Realistic
445,lumen-laravel-s,456,0.8% (0.7),100% success rate,Micro,PHP,swoole,None,Linux,MySQL,Linux,Full,Realistic
446,rack-puma-jruby-sequel-raw,447,0.8% (0.7),100% success rate,Micro,Ruby,jruby,Puma,Linux,Postgres,Linux,Raw,Realistic
447,laravel-laravel-s,429,0.7% (0.7),100% success rate,Fullstack,PHP,swoole,None,Linux,MySQL,Linux,Full,Realistic
448,treefrog,409,0.7% (0.6),100% success rate,Fullstack,C++,None,None,Linux,Postgres,Linux,Micro,Realistic
449,urweb,388,0.7% (0.6),100% success rate,Fullstack,Ur,Ur/Web,None,Linux,Postgres,Linux,Micro,Realistic
450,armeria,370,0.6% (0.6),100% success rate,Micro,Java,Netty,None,Linux,Postgres,Linux,Raw,Realistic
451,pippo-jetty-mongodb,367,0.6% (0.6),100% success rate,Micro,Java,Jetty,None,Linux,MongoDB,Linux,Raw,Realistic
452,pippo-tomcat-mongodb,346,0.6% (0.5),100% success rate,Micro,Java,tomcat,None,Linux,MongoDB,Linux,Raw,Realistic
453,act-hibernate-pgsql,332,0.6% (0.5),100% success rate,Fullstack,Java,Undertow,None,Linux,Postgres,Linux,Full,Realistic
454,pippo-undertow-mongodb,328,0.6% (0.5),100% success rate,Micro,Java,Undertow,None,Linux,MongoDB,Linux,Raw,Realistic
455,tio-server,295,0.5% (0.5),100% success rate,Micro,Java,t-io,None,Linux,MySQL,Linux,Raw,Realistic
456,rack-falcon-mri-sequel-raw,290,0.5% (0.5),100% success rate,Micro,Ruby,mri,falcon,Linux,Postgres,Linux,Raw,Realistic
457,cyberphp,288,0.5% (0.5),100% success rate,Micro,PHP,workerman,None,Linux,Postgres,Linux,Raw,Realistic
458,ringojs-convenient,259,0.4% (0.4),100% success rate,Micro,JavaScript,RingoJs,None,Linux,MySQL,Linux,Micro,Realistic
459,today,244,0.4% (0.4),100% success rate,Fullstack,Java,Netty,None,Linux,MySQL,Linux,Micro,Realistic
460,rage-sequel,241,0.4% (0.4),100% success rate,Micro,Ruby,Rack,rage-iodine,Linux,Postgres,Linux,Full,Realistic
461,integrated haskell platfrom (ihp),235,0.4% (0.4),100% success rate,Fullstack,Haskell,Wai,wai,Linux,Postgres,Linux,Full,Realistic
462,next.js,227,0.4% (0.4),100% success rate,Platform,typescript,nodejs,None,Linux,Postgres,Linux,Micro,Realistic
463,compojure,214,0.4% (0.3),100% success rate,Micro,Clojure,Servlet,Resin,Linux,MySQL,Linux,Micro,Realistic
464,elixir-plug-ecto,201,0.3% (0.3),100% success rate,Micro,Elixir,beam,cowboy,Linux,Postgres,Linux,Full,Realistic
465,hot-mysql,180,0.3% (0.3),100% success rate,Platform,Groovy,Jetty,Jetty,Linux,MySQL,Linux,Raw,Realistic
466,wicket,174,0.3% (0.3),100% success rate,Fullstack,Java,Servlet,Resin,Linux,MySQL,Linux,Full,Realistic
467,dropwizard-mongodb,169,0.3% (0.3),100% success rate,Fullstack,Java,JAX-RS,Jetty,Linux,MongoDB,Linux,Full,Realistic
468,blade,157,0.3% (0.2),100% success rate,Fullstack,Java,None,None,Linux,MySQL,Linux,Full,Realistic
469,urweb-mysql,148,0.2% (0.2),100% success rate,Fullstack,Ur,Ur/Web,None,Linux,MySQL,Linux,Micro,Realistic
470,trillium [tokio],134,0.2% (0.2),100% success rate,Micro,Rust,None,None,Linux,Postgres,Linux,Full,Realistic
471,officefloor-spring_data,128,0.2% (0.2),100% success rate,Fullstack,Java,officefloor,woof,Linux,Postgres,Linux,Full,Realistic
472,trillium [smol],100,0.2% (0.2),100% success rate,Micro,Rust,None,None,Linux,Postgres,Linux,Full,Realistic
473,trillium [async-std],100,0.2% (0.2),100% success rate,Micro,Rust,None,None,Linux,Postgres,Linux,Full,Realistic
474,padrino,99,0.2% (0.2),100% success rate,Micro,Ruby,Rack,Puma,Linux,MySQL,Linux,Full,Realistic
475,viz [postgresql - diesel],37,0.1% (0.1),100% success rate,Fullstack,Rust,Rust,hyper,Linux,Postgres,Linux,Full,Realistic
476,falcon [asgi/tortoise],34,0.1% (0.1),97% success rate,Micro,Python,asgi,uvicorn,Linux,Postgres,Linux,Full,Realistic
477,falcon [waitress],27,0.0% (0.0),100% success rate,Micro,Python,wsgi,waitress,Linux,Postgres,Linux,Full,Realistic
478,imi-swoole-pgsql-raw,19,0.0% (0.0),100% success rate,Micro,PHP,swoole,None,Linux,Postgres,Linux,Raw,Realistic
479,swoole-async-postgres,3,0.0% (0.0),93% success rate,Platform,PHP,swoole,None,Linux,Postgres,Linux,Raw,Realistic
480,aiohttp,—,Did not complete,—,Micro,Python,asyncio,Gunicorn,Linux,Postgres,Linux,Full,Realistic
481,aioworkers,—,Did not complete,—,Platform,Python,None,aioworkers.net.web,Linux,Postgres,Linux,Raw,Realistic
482,akka-http-slick-postgres,—,Did not complete,—,Micro,Scala,Akka,None,Linux,Postgres,Linux,Full,Realistic
483,amber,—,Did not complete,—,Fullstack,Crystal,None,None,Linux,Postgres,Linux,Full,Realistic
484,crax,—,Did not complete,—,Micro,Python,None,None,Linux,Postgres,Linux,Raw,Realistic
485,cutelyst-pf-my,—,Did not complete,—,Fullstack,C++,cutelystwsgi,None,Linux,MySQL,Linux,Raw,Realistic
486,express-postgres,—,Did not complete,—,Micro,JavaScript,nodejs,None,Linux,Postgres,Linux,Full,Realistic
487,ffead-cpp [v-prof],—,Did not complete,—,Fullstack,C++,None,picov,Linux,Postgres,Linux,Raw,Realistic
488,ffead-cpp [v],—,Did not complete,—,Fullstack,C++,None,picov,Linux,Postgres,Linux,Raw,Realistic
489,ffead-cpp [pg-raw-prof],—,Did not complete,—,Fullstack,C++,None,ffead-cpp,Linux,Postgres,Linux,Raw,Realistic
490,grizzly-jersey,—,Did not complete,—,Micro,Java,JAX-RS,grizzly,Linux,MySQL,Linux,Full,Realistic
491,helidon 4,—,Did not complete,—,Micro,Java,None,None,Linux,Postgres,Linux,Raw,Realistic
492,koa-postgres,—,Did not complete,—,Micro,JavaScript,nodejs,None,Linux,Postgres,Linux,Raw,Realistic
493,koa,—,Did not complete,—,Micro,JavaScript,nodejs,None,Linux,MongoDB,Linux,Raw,Realistic
494,ktor-jetty,—,Did not complete,—,Micro,Kotlin,Jetty,None,Linux,Postgres,Linux,Raw,Realistic
495,ktor,—,Did not complete,—,Micro,Kotlin,Netty,None,Linux,Postgres,Linux,Raw,Realistic
496,morepath,—,Did not complete,—,Micro,Python,Meinheld,Gunicorn,Linux,Postgres,Linux,Full,Realistic
497,nodejs-postgres,—,Did not complete,—,Platform,JavaScript,nodejs,None,Linux,Postgres,Linux,Full,Realistic
498,cppcms,—,Did not complete,—,Platform,C++,None,None,Linux,MySQL,Linux,Raw,Realistic
499,cherrypy-py3,—,Did not complete,—,Micro,Python,None,None,Linux,MySQL,Linux,Full,Realistic
500,one,—,Did not complete,—,Fullstack,PHP,swoole,None,Linux,MySQL,Linux,Full,Realistic
501,paozhu,—,Did not complete,—,Fullstack,C++,None,None,Linux,MySQL,Linux,Micro,Realistic
502,play2-scala-slick-netty,—,Did not complete,—,Fullstack,Scala,Netty,None,Linux,MySQL,Linux,Full,Realistic
503,play2-java-jpa-hikaricp-netty,—,Did not complete,—,Fullstack,Java,Netty,None,Linux,MySQL,Linux,Full,Realistic
504,plumber,—,Did not complete,—,Fullstack,r,None,None,Linux,Postgres,Linux,Raw,Realistic
505,roa-diesel,—,Did not complete,—,Micro,Rust,None,hyper,Linux,Postgres,Linux,Full,Realistic
506,roa-sqlx,—,Did not complete,—,Micro,Rust,None,hyper,Linux,Postgres,Linux,Raw,Realistic
507,sinatra-postgres-agoo-mri,—,Did not complete,—,Micro,Ruby,Rack,agoo,Linux,Postgres,Linux,Full,Realistic
508,spiral,—,Did not complete,—,Fullstack,PHP,roadrunner,None,Linux,MySQL,Linux,Full,Realistic
509,starlette,—,Did not complete,—,Micro,Python,None,None,Linux,Postgres,Linux,Raw,Realistic
510,starlite,—,Did not complete,—,Micro,Python,None,uvicorn,Linux,Postgres,Linux,Raw,Realistic
511,uvicorn,—,Did not complete,—,Platform,Python,None,None,Linux,Postgres,Linux,Raw,Realistic
512,routerling,—,Did not complete,—,Platform,Python,None,None,Linux,Postgres,Linux,Raw,Realistic
