Framework,256 concurrency,"1,024 concurrency","4,096 concurrency","16,384 concurrency",Best performance across all concurrency levels,500-series HTTP responses,Classification,Language,Platform,Front-end server / Web-server,Application operating system,Implementation approach
0http,"245,075","254,491","213,522","245,364","254,491",100% success rate,Platform,JavaScript,nodejs,None,Linux,Realistic
act,"6,564,801","5,685,449","3,915,277","3,090,372","6,564,801",100% success rate,Fullstack,Java,Undertow,None,Linux,Realistic
activej,"15,809,777","18,766,322","19,171,625","17,803,520","19,171,625",100% success rate,Micro,Java,activej,None,Linux,Realistic
aiohttp,"351,154","362,738","349,144","315,864","362,738",100% success rate,Micro,Python,asyncio,Gunicorn,Linux,Realistic
aioworkers,"1,424,133","1,346,582","1,155,733","958,861","1,424,133",100% success rate,Platform,Python,None,aioworkers.net.web,Linux,Realistic
aioworkers,"609,498","609,910","577,917","514,068","609,910",100% success rate,Platform,Python,None,aioworkers.net.web,Linux,Realistic
akka-http,"3,192,220","4,423,861","4,441,341","4,106,336","4,441,341",100% success rate,Micro,Scala,Akka,None,Linux,Realistic
akka-http-slick-postgres,"471,178","653,053","713,933","652,088","713,933",100% success rate,Micro,Scala,Akka,None,Linux,Realistic
aleph,"465,773","462,260","436,653","419,029","465,773",100% success rate,Micro,Clojure,Netty,None,Linux,Realistic
amber,"105,697","443,126","2,077,572","2,780,132","2,780,132",100% success rate,Fullstack,Crystal,None,None,Linux,Realistic
amp,"759,679","763,554","762,682","762,397","763,554",100% success rate,Platform,PHP,amp,None,Linux,Realistic
angel3_postgresql,"81,420","70,242","63,835","58,321","81,420",100% success rate,Fullstack,Dart,angel3,None,Linux,Realistic
apidaora,"501,163","497,012","455,687","398,961","501,163",100% success rate,Micro,Python,None,None,Linux,Realistic
apidaora-core,"688,809","677,941","592,292","477,773","688,809",100% success rate,Micro,Python,None,None,Linux,Realistic
appmpower [aot-no-reflection],"9,605,554","11,005,269","11,701,671","10,882,406","11,701,671",100% success rate,Platform,C#,.NET,kestrel,Linux,Realistic
archttp,"35,472",0,0,0,"35,472",100% success rate,Platform,D,archttp,None,Linux,Realistic
armeria,"951,530","963,238","965,221","970,299","970,299",100% success rate,Micro,Java,Netty,None,Linux,Realistic
aspcore-mono,"13,266,460","13,228,238","11,724,403","8,926,449","13,266,460",100% success rate,Platform,C#,.NET,kestrel,Linux,Realistic
aspcore-mono-mvc,"554,340","398,821","246,996","174,670","554,340",100% success rate,Fullstack,C#,.NET,kestrel,Linux,Realistic
aspcore-mono-mw,"4,028,543","4,667,242","4,418,003","3,543,452","4,667,242",100% success rate,Micro,C#,.NET,kestrel,Linux,Realistic
aspcore-vb-mw,"10,224,174","12,123,451","12,135,212","11,720,547","12,135,212",100% success rate,Micro,vb,.NET,kestrel,Linux,Realistic
aspnetcore,"20,209,383","27,501,410","27,530,836","22,298,567","27,530,836",100% success rate,Platform,C#,.NET,kestrel,Linux,Realistic
aspnetcore-aot,"20,146,637","27,536,315","27,770,995","21,996,972","27,770,995",100% success rate,Platform,C#,.NET,kestrel,Linux,Realistic
"asp.net core [minimal apis, pg, dapper]","7,676,525","8,970,431","9,274,496","9,089,746","9,274,496",100% success rate,Micro,C#,.NET,kestrel,Linux,Realistic
"asp.net core [mvc, pg, ef]","2,695,565","3,024,966","3,043,963","2,951,297","3,043,963",100% success rate,Fullstack,C#,.NET,kestrel,Linux,Realistic
astra,"8,081,547","7,613,215","7,324,805","7,063,422","8,081,547",100% success rate,Micro,Rust,None,hyper,Linux,Realistic
async-worker,"4,031","3,553","2,120","1,431","4,031",100% success rate,Micro,Python,asyncio,None,Linux,Realistic
atreugo,"601,907","479,513","483,938","509,388","601,907",100% success rate,Platform,Go,None,None,Linux,Realistic
atreugo-prefork,"12,352,933","13,950,201","13,467,964","12,845,916","13,950,201",100% success rate,Platform,Go,None,None,Linux,Realistic
axum,"11,375,345","12,392,330","12,048,256","11,710,931","12,392,330",100% success rate,Platform,Rust,Rust,hyper,Linux,Realistic
bareasgi,"98,013","99,787","95,038","87,625","99,787",100% success rate,Micro,Python,asyncio,hypercorn,Linux,Realistic
beetlex,14,67,272,"1,090","1,090",100% success rate,Fullstack,C#,.NET,beetlex,Linux,Realistic
beetlex-core,"16,277,559","18,666,892","17,950,738","17,105,743","18,666,892",100% success rate,Platform,C#,.NET,beetlex,Linux,Realistic
ben [kestrel],"9,805,841","11,508,512","11,423,140","11,017,860","11,508,512",100% success rate,Micro,C#,.NET,kestrel,Linux,Realistic
blacksheep,"793,482","807,348","717,585","608,000","807,348",100% success rate,Micro,Python,asgi,uvicorn,Linux,Realistic
blade,"1,750,485","1,632,850","1,051,508","425,223","1,750,485",100% success rate,Fullstack,Java,None,None,Linux,Realistic
blaze,"4,544,915","4,809,244","5,019,345","3,928,295","5,019,345",100% success rate,Micro,Scala,blaze,None,Linux,Realistic
just-boost,"101,583","135,338","130,981","130,378","135,338",100% success rate,Micro,C++,None,None,Linux,Realistic
bottle,"645,601","642,031","640,454","635,422","645,601",100% success rate,Micro,Python,Meinheld,None,Linux,Realistic
cakephp,"19,040","18,563","18,581","18,585","19,040",100% success rate,Fullstack,PHP,fpm/fastcgi,nginx,Linux,Realistic
cakephp-workerman,"2,688","2,715","2,672","2,482","2,715",100% success rate,Fullstack,PHP,workerman,None,Linux,Realistic
carter,"4,604,761","5,221,009","5,202,999","5,024,304","5,221,009",100% success rate,Micro,C#,.NET,kestrel,Linux,Realistic
cask,"243,440","134,093","130,912","140,448","243,440",100% success rate,Micro,Scala,Undertow,None,Linux,Realistic
cfml-lucee,"168,571","111,146","106,425","97,092","168,571",100% success rate,Platform,cfml,None,None,Linux,Realistic
cfml-adobe,"365,550","307,425","289,394","285,849","365,550",100% success rate,Platform,cfml,None,None,Linux,Realistic
chi,"661,663","1,072,200","1,444,809","1,539,426","1,539,426",100% success rate,Micro,Go,None,None,Linux,Realistic
chi-prefork,"1,480,005","1,527,107","1,535,295","1,550,531","1,550,531",100% success rate,Micro,Go,None,None,Linux,Realistic
chi-scratch,"655,377","1,066,405","1,446,890","1,538,810","1,538,810",100% success rate,Micro,Go,None,None,Linux,Realistic
cinatra,"13,481,678","15,815,883","14,364,325","11,501,058","15,815,883",100% success rate,Fullstack,C++,None,None,Linux,Realistic
clevergo,"654,139","1,176,517","1,580,780","1,635,094","1,635,094",100% success rate,Micro,Go,None,None,Linux,Realistic
codeigniter,"20,628","20,165","20,279","20,306","20,628",100% success rate,Fullstack,PHP,fpm/fastcgi,nginx,Linux,Realistic
coldbox-lucee,"21,670","20,091","18,633","15,195","21,670",100% success rate,Fullstack,cfml,None,None,Linux,Realistic
coldbox-adobe,"25,810","23,920","22,042","17,436","25,810",100% success rate,Fullstack,cfml,None,None,Linux,Realistic
collie,"13,361","12,718","14,456","14,612","14,612",100% success rate,Platform,D,Collie,None,Linux,Realistic
collie-ldc,"15,605","14,804","16,541","16,608","16,608",100% success rate,Platform,D,Collie,None,Linux,Realistic
comet,"426,930","437,046","432,875","425,316","437,046",100% success rate,Micro,PHP,workerman,None,Linux,Realistic
compojure,"112,145","356,092","598,141","610,232","610,232",100% success rate,Micro,Clojure,Servlet,Resin,Linux,Realistic
cpoll_cppsp,"4,434,457","11,196,769","11,607,966","11,115,919","11,607,966",100% success rate,Platform,C++,None,None,Linux,Realistic
crax,"221,756","223,824","218,835","207,940","223,824",100% success rate,Micro,Python,None,None,Linux,Realistic
cuehttp,"4,326,942","3,062,650","23,408,698","22,411,120","23,408,698",100% success rate,Fullstack,C++,None,None,Linux,Realistic
curacao,"53,622","54,417","53,271","61,103","61,103",100% success rate,Micro,Java,Servlet,None,Linux,Realistic
cutelyst,"5,346,300","7,545,321","7,176,387","6,769,029","7,545,321",100% success rate,Fullstack,C++,cutelystwsgi,None,Linux,Realistic
cutelyst-thread,"3,403,292","3,298,264","3,285,597","3,262,524","3,403,292",100% success rate,Fullstack,C++,cutelystwsgi,None,Linux,Realistic
cyberphp,"335,379","348,870","370,208","343,076","370,208",100% success rate,Micro,PHP,workerman,None,Linux,Realistic
dia,"30,398","29,308","27,381","31,189","31,189",100% success rate,Micro,Dart,None,None,Linux,Realistic
ditsmod v3.0,"1,366,296","1,377,258","1,358,533","1,355,159","1,377,258",100% success rate,Micro,typescript,nodejs,None,Linux,Realistic
ditsmod-bun v3.0,"2,356,953","2,460,506","2,549,317","2,546,861","2,549,317",100% success rate,Micro,typescript,bun,None,Linux,Realistic
django,"178,902","179,696","179,689","178,100","179,696",100% success rate,Fullstack,Python,wsgi,Meinheld,Linux,Realistic
django [socketify.py wsgi],"212,386","215,185","216,050","215,777","216,050",100% success rate,Fullstack,Python,wsgi,socketify.py,Linux,Realistic
donkey,"4,481,957","5,731,494","5,599,315","5,421,838","5,731,494",100% success rate,Micro,Clojure,vert.x,None,Linux,Realistic
dream,"96,912","98,584","92,538","90,044","98,584",100% success rate,Fullstack,ocaml,http/af,None,Linux,Realistic
drogon,"12,725,376","14,655,006","13,226,879","12,468,766","14,655,006",100% success rate,Fullstack,C++,None,None,Linux,Realistic
dropwizard,"486,518","484,492","454,337","442,763","486,518",100% success rate,Fullstack,Java,JAX-RS,Jetty,Linux,Realistic
duckphp,"226,405","169,797","174,670","175,224","226,405",100% success rate,Fullstack,PHP,fpm/fastcgi,nginx,Linux,Realistic
duct,"238,734","239,682","240,570","238,061","240,570",100% success rate,Micro,Clojure,Ring,None,Linux,Realistic
duct-aleph,"197,986","199,836","198,091","191,329","199,836",100% success rate,Micro,Clojure,Netty,None,Linux,Realistic
duct-httpkit,"117,659","117,754","103,399","107,389","117,754",100% success rate,Micro,Clojure,Ring,None,Linux,Realistic
easyrpc,"7,001,687","8,033,529","8,093,303","7,798,256","8,093,303",100% success rate,Fullstack,C#,.NET,kestrel,Linux,Realistic
echo,"1,326,908","1,377,322","1,588,995","1,609,824","1,609,824",100% success rate,Micro,Go,None,None,Linux,Realistic
elysia,"18,126,701","26,060,081","25,840,343","22,862,519","26,060,081",100% success rate,Micro,typescript,bun,None,Linux,Realistic
elysia [compiled],"18,094,942","26,054,652","25,953,851","22,624,034","26,054,652",100% success rate,Micro,typescript,bun,None,Linux,Realistic
embedio,"12,354","9,509","2,746",884,"12,354",100% success rate,Fullstack,C#,.NET,embedio,Linux,Realistic
emmett,"622,994","802,480","834,334","808,671","834,334",100% success rate,Fullstack,Python,None,None,Linux,Realistic
emmett55,"623,682","803,581","831,539","815,474","831,539",100% success rate,Micro,Python,rsgi,granian,Linux,Realistic
es4x,"6,908,089","7,268,195","7,075,675","7,015,676","7,268,195",100% success rate,Micro,JavaScript,vert.x,None,Linux,Realistic
evio,"1,851,029","2,231,221","2,919,025","3,894,855","3,894,855",100% success rate,Platform,Go,None,None,Linux,Realistic
evio-stdlib,"2,449,848","4,026,519","4,985,301","5,124,570","5,124,570",100% success rate,Platform,Go,None,None,Linux,Realistic
express,"275,379","278,574","278,631","279,922","279,922",100% success rate,Micro,JavaScript,nodejs,None,Linux,Realistic
express-postgresjs,"359,861","363,006","368,656","367,169","368,656",100% success rate,Micro,JavaScript,nodejs,None,Linux,Realistic
facil.io,"2,670,377","2,712,410","2,603,285","2,402,234","2,712,410",100% success rate,Micro,C,None,None,Linux,Realistic
faf,"21,926,568","28,025,274","28,034,705","23,202,833","28,034,705",100% success rate,Platform,Rust,None,None,Linux,Realistic
"falco, donald","8,641,782","10,243,839","10,291,274","9,978,033","10,291,274",100% success rate,Micro,f#,.NET,kestrel,Linux,Realistic
falcon,"1,148,946","1,150,949","1,142,434","1,146,240","1,150,949",100% success rate,Micro,Python,wsgi,Meinheld,Linux,Realistic
falcon [asgi/tortoise],"576,310","575,410","531,380","467,290","576,310",100% success rate,Micro,Python,asgi,uvicorn,Linux,Realistic
falcon [bjoern],14,67,272,"1,090","1,090",100% success rate,Micro,Python,wsgi,bjoern,Linux,Realistic
falcon [fastwsgi],"116,558","459,553","1,505,103","1,481,523","1,505,103",100% success rate,Micro,Python,wsgi,fastwsgi,Linux,Realistic
falcon [pypy3],"34,182","41,779","41,423","13,677","41,779",100% success rate,Micro,Python,wsgi,Gunicorn,Linux,Realistic
falcon [socketify.py asgi],"836,386","864,638","863,150","865,843","865,843",100% success rate,Micro,Python,asgi,socketify.py,Linux,Realistic
falcon [socketify.py asgi pypy3],"1,498,490","1,502,145","1,493,070","1,493,952","1,502,145",100% success rate,Micro,Python,asgi,socketify.py,Linux,Realistic
falcon [socketify.py wsgi],"1,078,588","1,108,610","1,109,834","1,109,429","1,109,834",100% success rate,Micro,Python,wsgi,socketify.py,Linux,Realistic
falcon [socketify.py wsgi pypy3],"2,823,844","2,869,384","2,832,033","2,808,482","2,869,384",100% success rate,Micro,Python,wsgi,socketify.py,Linux,Realistic
falcon [waitress],996,"1,180","1,085",865,"1,180",100% success rate,Micro,Python,wsgi,waitress,Linux,Realistic
fastapi,"335,315","338,364","324,556","304,095","338,364",100% success rate,Micro,Python,asyncio,Gunicorn,Linux,Realistic
fastapi-hypercorn,"74,918","108,508","105,782","102,543","108,508",100% success rate,Micro,Python,asyncio,hypercorn,Linux,Realistic
fastapi [socketify.py asgi],"343,623","348,633","348,710","348,823","348,823",100% success rate,Micro,Python,asyncio,socketify.py,Linux,Realistic
fastapi [socketify.py asgi pypy3],"741,992","740,954","742,648","746,602","746,602",100% success rate,Micro,Python,asyncio,socketify.py,Linux,Realistic
fastapi-uvicorn,"305,149","309,561","300,688","284,336","309,561",100% success rate,Micro,Python,asyncio,uvicorn,Linux,Realistic
fastendpoints,"5,492,049","6,186,260","6,282,875","6,135,299","6,282,875",100% success rate,Micro,C#,.NET,kestrel,Linux,Realistic
fastify,"1,169,560","1,175,038","1,167,311","1,160,980","1,175,038",100% success rate,Micro,JavaScript,nodejs,None,Linux,Realistic
fat-free,"139,238","113,202","114,554","113,849","139,238",100% success rate,Fullstack,PHP,fpm/fastcgi,nginx,Linux,Realistic
feathersjs,"164,315","177,420","175,714","177,370","177,420",100% success rate,Fullstack,typescript,None,None,Linux,Realistic
feersum,"2,869,033","3,145,040","2,845,418","2,067,566","3,145,040",100% success rate,Platform,Perl,None,feersum,Linux,Realistic
feersum,"2,849,215","3,132,522","2,836,339","2,024,266","3,132,522",100% success rate,Platform,Perl,None,feersum,Linux,Realistic
ffead-cpp [v],"15,352,854","18,366,912","17,902,198","17,289,733","18,366,912",100% success rate,Fullstack,C++,None,picov,Linux,Realistic
ffead-cpp [v-prof],"14,587,723","17,271,509","17,048,712","16,454,174","17,271,509",100% success rate,Fullstack,C++,None,picov,Linux,Realistic
fiber,"646,197","474,444","477,329","496,425","646,197",100% success rate,Platform,Go,None,None,Linux,Realistic
fiber-prefork,"11,613,218","13,509,592","13,002,852","12,516,729","13,509,592",100% success rate,Platform,Go,None,None,Linux,Realistic
finagle,"1,224,304","1,242,029","1,239,001","1,223,607","1,242,029",100% success rate,Micro,Scala,Netty,None,Linux,Realistic
finatra,"1,243,224","1,249,822","1,245,472","1,239,579","1,249,822",100% success rate,Micro,Scala,Netty,None,Linux,Realistic
finch,"1,390,731","1,400,706","1,397,440","1,387,655","1,400,706",100% success rate,Micro,Scala,Netty,None,Linux,Realistic
flight,"190,421","158,723","161,999","160,549","190,421",100% success rate,Micro,PHP,fpm/fastcgi,nginx,Linux,Realistic
fortran.io,"4,571","4,235","1,625",151,"4,571",100% success rate,Fullstack,fortran,None,nginx,Linux,Realistic
"frank, dapper","8,201,406","9,088,282","7,481,273","6,193,337","9,088,282",100% success rate,Micro,f#,.NET,kestrel,Linux,Realistic
gearbox,"532,649","461,962","466,178","484,537","532,649",100% success rate,Platform,Go,None,None,Linux,Realistic
gearbox prefork,"11,105,258","12,690,872","12,243,443","11,821,749","12,690,872",100% success rate,Platform,Go,None,None,Linux,Realistic
gemini,"1,314,721","1,298,724","1,410,728","1,586,604","1,586,604",100% success rate,Fullstack,Java,Servlet,Resin,Linux,Realistic
genhttp,"5,582,927","6,170,272","6,264,382","6,206,440","6,264,382",100% success rate,Fullstack,C#,.NET,kestrel,Linux,Realistic
gin,"830,449","1,218,414","1,584,613","1,639,754","1,639,754",100% success rate,Micro,Go,None,None,Linux,Realistic
gin-scratch,"807,805","1,208,018","1,566,489","1,633,642","1,633,642",100% success rate,Micro,Go,None,None,Linux,Realistic
giraffe,"8,186,654","9,370,001","9,548,261","9,231,673","9,548,261",100% success rate,Fullstack,f#,.NET,kestrel,Linux,Realistic
gnet,"18,648,590","24,924,048","24,237,560","22,527,696","24,924,048",100% success rate,Platform,Go,None,None,Linux,Realistic
go,"459,322","1,077,210","1,522,695","1,612,144","1,612,144",100% success rate,Platform,Go,None,None,Linux,Realistic
go-pgx-prefork,"2,005,430","2,005,076","1,982,313","1,870,368","2,005,430",100% success rate,Platform,Go,None,None,Linux,Realistic
goframe,"1,467,212","1,506,455","1,638,901","1,642,051","1,642,051",100% success rate,Platform,Go,None,None,Linux,Realistic
goji,"944,233","1,044,357","1,121,937","1,186,346","1,186,346",100% success rate,Micro,Go,None,None,Linux,Realistic
goravel gin,"1,099,218","1,250,544","1,375,852","1,433,455","1,433,455",100% success rate,Fullstack,Go,None,None,Linux,Realistic
goravel fiber,"9,267,287","9,769,830","9,505,475","9,273,232","9,769,830",100% success rate,Fullstack,Go,None,None,Linux,Realistic
grails,"56,537","66,463","86,482","106,813","106,813",100% success rate,Fullstack,Groovy,Servlet,None,Linux,Realistic
granian [asgi],"1,120,839","1,377,497","1,363,745","1,240,057","1,377,497",100% success rate,Platform,Python,None,granian,Linux,Realistic
granian [rsgi],"1,219,299","1,762,477","1,678,648","1,560,191","1,762,477",100% success rate,Platform,Python,None,granian,Linux,Realistic
granian [rsgi wrk],"1,198,372","1,771,380","1,765,390","1,580,567","1,771,380",100% success rate,Platform,Python,None,granian,Linux,Realistic
granian [wsgi],"1,630,421","1,872,155","1,901,253","1,764,285","1,901,253",100% success rate,Platform,Python,None,granian,Linux,Realistic
grape,"126,211","126,576","126,501","118,813","126,576",100% success rate,Micro,Ruby,Rack,Puma,Linux,Realistic
grape-unicorn,"84,164","146,335","143,556","141,462","146,335",100% success rate,Micro,Ruby,Rack,Unicorn,Linux,Realistic
greenlightning,"5,280,147","5,723,659","1,934,623","537,774","5,723,659",100% success rate,Micro,Java,None,None,Linux,Realistic
grizzly,"4,909,096","5,185,305","5,159,218","5,126,629","5,185,305",100% success rate,Micro,Java,Servlet,grizzly,Linux,Realistic
grizzly-jersey,"555,896","553,479","554,540","559,532","559,532",100% success rate,Micro,Java,JAX-RS,grizzly,Linux,Realistic
hanami,"83,231","83,117","82,889","80,096","83,231",100% success rate,Fullstack,Ruby,Rack,Puma,Linux,Realistic
hapi,"790,398","787,424","781,408","767,246","790,398",100% success rate,Micro,JavaScript,nodejs,None,Linux,Realistic
hapi-nginx,"1,840",69,"10,291","6,592","10,291",100% success rate,Micro,JavaScript,nodejs,nginx,Linux,Realistic
heaven,"152,569","151,906","148,109","143,772","152,569",100% success rate,Micro,Python,None,None,Linux,Realistic
helidon,"1,197,425","1,193,877","1,183,239","1,180,178","1,197,425",100% success rate,Micro,Java,Netty,None,Linux,Realistic
helidon 4,"6,687,452","8,418,021","7,115,664","6,929,866","8,418,021",100% success rate,Micro,Java,None,None,Linux,Realistic
hertz,"6,367,532","6,935,931","6,893,547","6,688,846","6,935,931",100% success rate,Micro,Go,None,None,Linux,Realistic
hexagon,"1,668,947","1,750,966","1,703,441","1,570,382","1,750,966",100% success rate,Micro,Kotlin,Servlet,None,Linux,Realistic
hexagon helidon postgresql,"223,562","602,881","1,446,546","1,555,945","1,555,945",100% success rate,Micro,Kotlin,helidon,None,Linux,Realistic
hexagon helidon native pgclient,"1,613,246","1,629,543","1,584,038","1,447,284","1,629,543",100% success rate,Micro,Kotlin,helidon,None,Linux,Realistic
hexagon helidon pgclient,"1,958,299","1,435,884","1,716,313","1,449,677","1,958,299",100% success rate,Micro,Kotlin,helidon,None,Linux,Realistic
hexagon-jetty-native,"907,986","892,203","889,002","866,436","907,986",100% success rate,Micro,Kotlin,Servlet,None,Linux,Realistic
hexagon-jettyloom,"1,621,008","1,691,346","1,649,702","1,482,210","1,691,346",100% success rate,Micro,Kotlin,Servlet,None,Linux,Realistic
hexagon jetty loom pgclient,"1,621,060","1,702,593","1,631,460","1,481,871","1,702,593",100% success rate,Micro,Kotlin,Servlet,None,Linux,Realistic
hexagon netty epoll postgresql,"2,173,163","2,119,455","2,013,877","1,767,261","2,173,163",100% success rate,Micro,Kotlin,Netty,None,Linux,Realistic
hexagon netty epoll pgclient,"2,164,132","2,109,177","2,010,387","1,757,446","2,164,132",100% success rate,Micro,Kotlin,Netty,None,Linux,Realistic
hexagon tomcat postgresql,"703,013","708,892","706,705","697,312","708,892",100% success rate,Micro,Kotlin,Servlet,tomcat,Linux,Realistic
hono,"1,069,037","1,080,092","1,067,556","1,059,148","1,080,092",100% success rate,Micro,JavaScript,nodejs,None,Linux,Realistic
hot,"57,020","55,322","56,509","44,101","57,020",100% success rate,Platform,Groovy,Jetty,Jetty,Linux,Realistic
hserver,"2,732,633","2,751,227","2,758,604","2,758,921","2,758,921",100% success rate,Fullstack,Java,hserver,hserver,Linux,Realistic
hserver-business,"2,603,554","2,630,693","2,624,632","2,598,442","2,630,693",100% success rate,Fullstack,Java,hserver-business,hserver-business,Linux,Realistic
http.jl,"614,542","610,099","474,189","297,996","614,542",100% success rate,none,julia,None,http.jl,Linux,Realistic
http4k,"183,330","214,801","295,070","332,342","332,342",96% success rate,Micro,Kotlin,sunhttp,None,Linux,Realistic
http4k-apache4,"1,130,502","1,049,406","995,203","915,242","1,130,502",100% success rate,Micro,Kotlin,apache-httpcore,None,Linux,Realistic
http4k-graalvm,"113,714","113,732","119,207","118,044","119,207",99% success rate,Micro,Kotlin,graalvm,None,Linux,Realistic
http4k-helidon-graalvm,"24,936","26,501","21,665","26,134","26,501",100% success rate,Micro,Kotlin,graalvm,None,Linux,Realistic
http4k-helidon-jdbc,"193,063","466,544","1,023,730","985,592","1,023,730",100% success rate,Micro,Kotlin,helidon,None,Linux,Realistic
http4k-helidon-pgclient,"202,236","462,519","1,018,990","971,807","1,018,990",100% success rate,Micro,Kotlin,helidon-pgclient,None,Linux,Realistic
http4k-jetty,"1,103,158","1,108,146","1,095,520","1,064,528","1,108,146",100% success rate,Micro,Kotlin,Jetty,None,Linux,Realistic
http4k-jetty11,"1,118,422","1,129,854","1,117,938","1,084,231","1,129,854",100% success rate,Micro,Kotlin,jetty11,None,Linux,Realistic
http4k-jetty11loom-jdbc,"1,123,293","1,117,497","1,099,429","1,068,117","1,123,293",100% success rate,Micro,Kotlin,jetty11-loom-jdbc,None,Linux,Realistic
http4k-jetty11loom-pgclient,"1,157,742","1,150,182","1,134,863","1,105,567","1,157,742",100% success rate,Micro,Kotlin,jetty11-loom-pgclient,None,Linux,Realistic
http4k-jettyloom-jdbc,"1,110,080","1,099,261","1,094,529","1,065,063","1,110,080",100% success rate,Micro,Kotlin,jetty-loom-jdbc,None,Linux,Realistic
http4k-jettyloom-pgclient,"1,099,332","1,092,522","1,079,198","1,059,632","1,099,332",100% success rate,Micro,Kotlin,jetty-loom-pgclient,None,Linux,Realistic
http4k-netty,"1,293,634","1,317,763","1,310,439","1,307,091","1,317,763",100% success rate,Micro,Kotlin,Netty,None,Linux,Realistic
http4k-ratpack,"1,212,084","1,215,513","1,205,248","1,179,362","1,215,513",100% success rate,Micro,Kotlin,Netty,None,Linux,Realistic
http4k-sunhttploom,"205,087","301,755","330,586","320,730","330,586",97% success rate,Micro,Kotlin,sunhttp,None,Linux,Realistic
http4k-undertow,"1,075,645","1,068,936","888,693","953,974","1,075,645",100% success rate,Micro,Kotlin,Undertow,None,Linux,Realistic
http4s,"72,861","162,322","180,639","182,023","182,023",100% success rate,Micro,Scala,NIO2,blaze,Linux,Realistic
httpz (zig),14,67,271,752,752,63% success rate,Fullstack,zig,None,None,Linux,Realistic
hug,— Did not complete —,—,Micro,Python,falcon,None,Linux,Realistic,,,,
hummingbird,"94,154","390,877","623,564","644,858","644,858",100% success rate,Micro,Swift,None,None,Linux,Realistic
hummingbird 2,"244,952","243,973","243,974","244,604","244,952",100% success rate,Micro,Swift,None,None,Linux,Realistic
hummingbirdcore,"627,587","630,355","631,037","634,344","634,344",100% success rate,Micro,Swift,None,None,Linux,Realistic
hyper,"14,418,404","17,468,473","16,750,347","15,993,844","17,468,473",100% success rate,Micro,Rust,Rust,hyper,Linux,Realistic
hyperexpress,"5,189,477","5,340,722","5,309,433","5,269,365","5,340,722",100% success rate,Micro,JavaScript,nodejs,µws,Linux,Realistic
integrated haskell platfrom (ihp),"7,549","7,569","8,059",0,"8,059",100% success rate,Fullstack,Haskell,Wai,wai,Linux,Realistic
imi,"979,806","973,090","967,870","969,562","979,806",100% success rate,Fullstack,PHP,swoole,None,Linux,Realistic
imi-workerman,"734,500","735,610","734,981","733,404","735,610",100% success rate,Fullstack,PHP,workerman,None,Linux,Realistic
inverno,"9,789,584","10,274,217","9,638,968","7,925,100","10,274,217",100% success rate,Micro,Java,inverno,None,Linux,Realistic
isocket-nio,— Did not complete —,—,Platform,Java,isocket-nio,None,Linux,Realistic,,,,
japronto,"6,067,335","6,176,331","5,991,636","5,890,925","6,176,331",100% success rate,Micro,Python,None,None,Linux,Realistic
javalin,"1,813,808","1,817,737","1,813,463","1,732,672","1,817,737",100% success rate,Micro,Java,Jetty,None,Linux,Realistic
jawn,"245,549","156,134","148,090","156,184","245,549",100% success rate,Fullstack,Java,Undertow,None,Linux,Realistic
jersey,"100,604","242,583","252,922","264,277","264,277",100% success rate,Fullstack,Java,Servlet,Resin,Linux,Realistic
jester,"9,422,686","10,556,414","10,228,066","9,653,563","10,556,414",100% success rate,Micro,Nim,None,None,Linux,Realistic
jewelia,"539,019","483,041","368,910","248,201","539,019",100% success rate,none,julia,None,http.jl,Linux,Realistic
jooby,"4,990,855","5,637,207","4,864,153","4,290,916","5,637,207",100% success rate,Fullstack,Java,Undertow,None,Linux,Realistic
jooby-jetty,"2,883,908","2,839,283","2,691,956","2,596,365","2,883,908",100% success rate,Fullstack,Java,Jetty,None,Linux,Realistic
jooby-jaxrs,"11,353,227","13,471,017","13,077,029","12,077,708","13,471,017",100% success rate,Fullstack,Java,Undertow,None,Linux,Realistic
jooby-netty,"11,464,403","13,795,851","13,430,020","12,330,695","13,795,851",100% success rate,Fullstack,Java,Netty,None,Linux,Realistic
just-js,"16,350,127","25,739,560","24,891,445","22,286,747","25,739,560",100% success rate,Platform,JavaScript,just-js,None,Linux,Realistic
kami,"1,322,303","1,424,818","1,525,758","1,587,804","1,587,804",100% success rate,Micro,Go,None,None,Linux,Realistic
kelp,"59,185",0,0,0,"59,185",100% success rate,Fullstack,Perl,Plack,gazelle,Linux,Realistic
kelp-gazelle-mongodb,"67,648",0,0,0,"67,648",100% success rate,Fullstack,Perl,Plack,gazelle,Linux,Realistic
kelp-starlet-mongodb,"79,101","35,649",0,0,"79,101",100% success rate,Fullstack,Perl,Plack,starlet,Linux,Realistic
kelp-starlet-mysql,"80,602","28,902",0,0,"80,602",100% success rate,Fullstack,Perl,Plack,starlet,Linux,Realistic
kelp-starman-mongodb,"54,165","4,216",0,0,"54,165",100% success rate,Fullstack,Perl,Plack,starman,Linux,Realistic
kelp-starman-mysql,"53,704",0,0,0,"53,704",100% success rate,Fullstack,Perl,Plack,starman,Linux,Realistic
kelp-twiggy-mongodb,— Did not complete —,—,Fullstack,Perl,Plack,twiggy,Linux,Realistic,,,,
kelp-twiggy-mysql,— Did not complete —,—,Fullstack,Perl,Plack,twiggy,Linux,Realistic,,,,
kemal,"428,896","1,317,344","2,954,150","3,111,473","3,111,473",100% success rate,Fullstack,Crystal,None,None,Linux,Realistic
kit,"510,860","549,696","545,593","534,165","549,696",100% success rate,Micro,Clojure,Undertow,None,Linux,Realistic
koa,"186,301","457,626","953,808","952,966","953,808",100% success rate,Micro,JavaScript,nodejs,None,Linux,Realistic
kooby,248,161,0,0,248,92% success rate,Fullstack,Kotlin,Undertow,None,Linux,Realistic
ktor,"960,849","960,235","871,088","443,608","960,849",100% success rate,Micro,Kotlin,Netty,None,Linux,Realistic
ktor-cio,"541,941","280,531","217,460","137,384","541,941",100% success rate,Micro,Kotlin,ktor,None,Linux,Realistic
ktor-jasync,"1,023,762","1,013,387","943,356","620,542","1,023,762",100% success rate,Fullstack,Kotlin,None,None,Linux,Realistic
ktor-jetty,"30,799","31,098","31,117","29,551","31,117",100% success rate,Micro,Kotlin,Jetty,None,Linux,Realistic
ktor-pgclient,"1,018,872","1,024,120","958,664","605,606","1,024,120",100% success rate,Micro,Kotlin,Netty,None,Linux,Realistic
ktor-netty-r2dbc,"973,889","974,215","890,852","435,926","974,215",100% success rate,Micro,Kotlin,Netty,None,Linux,Realistic
kumbiaphp,"365,811","267,381","294,532","292,288","365,811",100% success rate,Fullstack,PHP,fpm/fastcgi,nginx,Linux,Realistic
kumbiaphp-workerman,"1,913,423","1,880,913","1,860,048","1,878,912","1,913,423",100% success rate,Fullstack,PHP,workerman,None,Linux,Realistic
lapis,"1,028,056","1,025,281","1,022,433","1,022,529","1,028,056",100% success rate,Fullstack,Lua,OpenResty,nginx,Linux,Realistic
laravel,"26,657","25,641","25,711","25,705","26,657",100% success rate,Fullstack,PHP,fpm/fastcgi,nginx,Linux,Realistic
laravel-laravel-s,"90,732","107,038","108,184","108,087","108,184",100% success rate,Fullstack,PHP,swoole,None,Linux,Realistic
laravel-octane [frankenphp],"55,269","60,717","64,517","64,569","64,569",100% success rate,Fullstack,PHP,frankenphp,caddy,Linux,Realistic
laravel-roadrunner,"7,659","7,486","7,339","7,195","7,659",100% success rate,Fullstack,PHP,roadrunner,None,Linux,Realistic
laravel-swoole,"90,119","90,306","89,990","89,806","90,306",100% success rate,Fullstack,PHP,swoole,None,Linux,Realistic
laravel-workerman,"166,557","164,323","164,052","162,315","166,557",100% success rate,Fullstack,PHP,workerman,None,Linux,Realistic
leaf,"210,073","165,573","170,477","168,861","210,073",100% success rate,Micro,PHP,fpm/fastcgi,nginx,Linux,Realistic
leaf-workerman,"213,333","213,822","213,825","210,953","213,825",100% success rate,Micro,PHP,workerman,None,Linux,Realistic
h2o,"8,531,968","9,496,470","9,243,318","8,812,534","9,496,470",100% success rate,Platform,C,None,h2o,Linux,Realistic
libhttpserver,"1,218,448","1,194,179","982,201","469,799","1,218,448",100% success rate,Fullstack,C++,None,None,Linux,Realistic
libreactor,"19,224,754","25,763,849","28,025,992","23,635,237","28,025,992",100% success rate,Platform,C,None,None,Linux,Realistic
libreactor,"18,432,325","25,893,818","27,943,940","23,264,909","27,943,940",100% success rate,Micro,C,libreactor,None,Linux,Realistic
lithium,"19,695,712","27,953,333","27,875,683","23,170,008","27,953,333",100% success rate,Micro,C++,None,None,Linux,Realistic
lucky,"99,074","439,726","1,850,762","2,180,815","2,180,815",100% success rate,Fullstack,Crystal,None,None,Linux,Realistic
lumen,"40,572","39,521","39,598","39,524","40,572",100% success rate,Micro,PHP,fpm/fastcgi,nginx,Linux,Realistic
lumen-laravel-s,"165,906","178,820","183,215","187,100","187,100",100% success rate,Micro,PHP,swoole,None,Linux,Realistic
lumen-swoole,"118,845","118,635","118,787","118,493","118,845",100% success rate,Micro,PHP,swoole,None,Linux,Realistic
lumen-workerman,"331,005","330,146","329,495","325,359","331,005",100% success rate,Micro,PHP,workerman,None,Linux,Realistic
luminus,"423,929","426,263","423,590","412,462","426,263",100% success rate,Micro,Clojure,Ring,None,Linux,Realistic
lwan,13,28,272,"1,090","1,090",100% success rate,Micro,C,Lwan,lwan,Linux,Realistic
lwan-lua,14,24,272,"1,090","1,090",100% success rate,Micro,Lua,Lwan,lwan,Linux,Realistic
magician-io,"98,690","99,570","97,299","95,069","99,570",100% success rate,Platform,Java,magician,None,Linux,Realistic
mako,"137,971","115,870","116,997","116,957","137,971",100% success rate,Fullstack,PHP,fpm/fastcgi,nginx,Linux,Realistic
mark-php8-jit,"3,174,621","3,486,031","3,405,555","3,390,362","3,486,031",100% success rate,Micro,PHP,workerman,None,Linux,Realistic
martini,"102,471","105,813","115,228","90,802","115,228",100% success rate,Micro,Go,None,None,Linux,Realistic
may-minihttp,"18,321,154","26,048,301","27,906,423","23,753,911","27,906,423",100% success rate,Micro,Rust,Rust,may-minihttp,Linux,Realistic
mesh,"8,129,518","8,666,129","8,617,004","8,417,783","8,666,129",100% success rate,Platform,JavaScript,nodejs,None,Linux,Realistic
microdot,"263,654","244,606","213,516","179,388","263,654",100% success rate,Micro,Python,None,uvicorn,Linux,Realistic
microdot-raw,"264,777","247,723","216,266","182,018","264,777",100% success rate,Micro,Python,None,uvicorn,Linux,Realistic
microhttp,"1,117,876","4,818,257","5,444,295","4,451,848","5,444,295",100% success rate,Platform,Java,microhttp,None,Linux,Realistic
micronaut,"2,836,917","2,864,402","2,832,438","2,884,144","2,884,144",100% success rate,Micro,Java,Netty,netty,Linux,Realistic
micronaut vertx pg client graalvm,"1,170,743","1,164,664","1,079,371","915,777","1,170,743",100% success rate,Micro,Java,Netty,netty,Linux,Realistic
minijax,"178,304","121,305","129,230","129,608","178,304",100% success rate,Fullstack,Java,JAX-RS,Undertow,Linux,Realistic
mixphp,"179,974","150,469","159,023","158,543","179,974",100% success rate,Fullstack,PHP,fpm/fastcgi,nginx,Linux,Realistic
mixphp-swoole-mysql,"1,870,738","1,818,653","1,785,949","1,815,609","1,870,738",100% success rate,Fullstack,PHP,swoole,None,Linux,Realistic
mixphp-workerman-pgsql,"1,609,505","1,589,265","1,593,387","1,601,985","1,609,505",100% success rate,Fullstack,PHP,workerman,None,Linux,Realistic
mojolicious,"60,597","59,834","59,886","59,387","60,597",100% success rate,Fullstack,Perl,None,Hypnotoad,Linux,Realistic
morepath,"485,440","480,370","479,942","476,423","485,440",100% success rate,Micro,Python,Meinheld,Gunicorn,Linux,Realistic
mormot [orm],— Did not complete —,—,Fullstack,pascal,None,None,Linux,Realistic,,,,
mrhttp,"18,488,581","28,384,305","27,352,859","19,736,392","28,384,305",100% success rate,Micro,Python,None,None,Linux,Realistic
nancy,"29,392","32,389","32,293","33,708","33,708",100% success rate,Micro,C#,.NET,kestrel,Linux,Realistic
nancy-netcore,"697,968","715,399","702,881","679,687","715,399",100% success rate,Micro,C#,.NET,kestrel,Linux,Realistic
nestjs,"257,441","259,234","258,178","259,647","259,647",100% success rate,Micro,typescript,nodejs,None,Linux,Realistic
nestjs-fastify,"1,110,028","1,107,515","1,091,138","1,079,215","1,110,028",100% success rate,Micro,typescript,nodejs,None,Linux,Realistic
netcoreserver,14,67,272,999,999,92% success rate,Fullstack,C#,.NET,netcoreserver,Linux,Realistic
nette,"37,253","34,137","34,167","33,968","37,253",100% success rate,Fullstack,PHP,fpm/fastcgi,nginx,Linux,Realistic
netty,"11,450,912","12,242,035","11,061,863","9,919,974","12,242,035",100% success rate,Platform,Java,Netty,None,Linux,Realistic
next.js,"1,993","1,956","1,311","1,347","1,993",100% success rate,Platform,typescript,nodejs,None,Linux,Realistic
ninja-standalone,"13,768","13,696","13,694","13,569","13,768",100% success rate,Fullstack,Java,Jetty,None,Linux,Realistic
nginx-njs,"2,569,377","2,920,487","2,772,235","2,447,674","2,920,487",100% success rate,Platform,C,None,nginx,Linux,Realistic
nodejs,"1,455,503","1,460,301","1,444,141","1,431,153","1,460,301",100% success rate,Platform,JavaScript,nodejs,None,Linux,Realistic
bayou,"3,657,407","5,171,445","5,002,360","4,503,871","5,171,445",100% success rate,Platform,Java,Bayou,None,Linux,Realistic
bun,"6,464,809","7,046,989","6,978,306","7,025,438","7,046,989",100% success rate,Platform,typescript,bun,None,Linux,Realistic
cherrypy-py3,318,132,0,0,318,95% success rate,Micro,Python,None,None,Linux,Realistic
cppcms,"17,425","17,383","17,156","17,028","17,425",100% success rate,Platform,C++,None,None,Linux,Realistic
crystal,"1,059,363","3,263,500","4,792,834","4,735,293","4,792,834",100% success rate,Platform,Crystal,None,None,Linux,Realistic
crystal-radix,"1,014,733","3,404,851","4,326,096","4,087,796","4,326,096",100% success rate,Platform,Crystal,None,None,Linux,Realistic
deno,"140,090","502,730","1,622,797","2,102,285","2,102,285",100% success rate,Platform,typescript,deno,None,Linux,Realistic
edap-http,"1,002,015","8,944,379","17,832,353","11,354,413","17,832,353",100% success rate,Platform,Java,edap,None,Linux,Realistic
edap-http-fast,"1,232,693","27,848",0,0,"1,232,693",100% success rate,Platform,Java,edap,None,Linux,Realistic
elide,"4,042,556","4,089,078","4,028,246","3,933,578","4,089,078",100% success rate,Platform,JavaScript,elide,None,Linux,Realistic
fasthttp,"569,793","472,011","471,865","491,721","569,793",100% success rate,Platform,Go,None,None,Linux,Realistic
fasthttp-prefork,"12,510,465","14,566,665","14,042,686","13,397,534","14,566,665",100% success rate,Platform,Go,None,None,Linux,Realistic
fastwsgi,"227,046","862,406","2,520,085","4,010,093","4,010,093",100% success rate,Micro,Python,wsgi,fastwsgi,Linux,Realistic
firenio,"14,851,245","16,991,116","16,372,227","15,242,838","16,991,116",100% success rate,Platform,Java,firenio,None,Linux,Realistic
firenio-http-lite,"19,320,902","27,755,180","27,406,102","22,487,544","27,755,180",100% success rate,Platform,Java,firenio,None,Linux,Realistic
h2o_mruby,"1,961,196","1,974,770","1,948,443","1,979,198","1,979,198",100% success rate,Platform,Ruby,None,h2o,Linux,Realistic
http-kit,"9,773","9,332","9,223","9,393","9,773",100% success rate,Platform,Clojure,Ring,None,Linux,Realistic
httpaf,14,67,261,928,928,82% success rate,Platform,ocaml,httpaf,None,Linux,Realistic
httpbeast,"14,864,600","17,955,351","17,280,587","15,858,017","17,955,351",100% success rate,Platform,Nim,None,None,Linux,Realistic
httpserver,"87,061","133,146","176,491","203,727","203,727",100% success rate,Platform,Java,httpserver,None,Linux,Realistic
httpserver-robaho,"86,170","387,520","1,526,452","4,416,921","4,416,921",100% success rate,Platform,Java,httpserver,None,Linux,Realistic
jetty,"2,196,394","2,310,452","2,340,938","2,245,657","2,340,938",100% success rate,Platform,Java,Jetty,None,Linux,Realistic
jetty-servlet,"2,051,883","2,152,555","2,105,903","2,029,850","2,152,555",100% success rate,Platform,Java,Jetty,None,Linux,Realistic
jlhttp,"1,766,459","1,571,381","1,534,912","1,348,076","1,766,459",100% success rate,Platform,Java,JLHTTP,None,Linux,Realistic
libsniper,"16,251,342","24,120,587","23,128,869","20,782,305","24,120,587",100% success rate,Platform,C++,None,None,Linux,Realistic
light-4j,"2,728,076","3,043,531","3,073,640","3,152,347","3,152,347",100% success rate,Platform,Java,light-4j,None,Linux,Realistic
ltio,"3,474,467","3,438,051","3,453,661","3,460,994","3,474,467",100% success rate,Platform,C++,None,None,Linux,Realistic
nanohttpd,"123,712","243,975","276,403","269,534","276,403",100% success rate,Platform,Java,None,None,Linux,Realistic
nginx,"4,852,267","4,008,024","3,897,109","3,191,701","4,852,267",100% success rate,Platform,C,None,nginx,Linux,Realistic
peachpie,"1,461,276","1,445,223","1,393,223","1,348,867","1,461,276",100% success rate,Platform,PHP,.NET,kestrel,Linux,Realistic
poco,"446,153","454,099","455,134","456,176","456,176",100% success rate,Platform,C++,None,None,Linux,Realistic
ringojs,"102,432","107,604","114,386","114,558","114,558",100% success rate,Platform,JavaScript,Jetty,None,Linux,Realistic
servlet,"241,898","913,186","2,448,370","4,322,921","4,322,921",100% success rate,Platform,Java,Servlet,Resin,Linux,Realistic
smart-socket,"11,280,583","11,585,719","11,508,977","11,416,542","11,585,719",100% success rate,Platform,Java,smartboot,None,Linux,Realistic
smart-servlet,"8,063,634","8,577,942","8,366,172","8,094,951","8,577,942",100% success rate,Platform,Java,smartboot,None,Linux,Realistic
socketify.py [pypy3],"14,243,890","17,501,239","17,107,518","16,415,613","17,501,239",100% success rate,Micro,Python,None,socketify.py,Linux,Realistic
socketify.py [asgi pypy3],"2,304,510","2,326,150","2,303,572","2,301,144","2,326,150",100% success rate,Micro,Python,None,socketify.py-asgi,Linux,Realistic
socketify.py [asgi],"1,253,289","1,281,520","1,283,385","1,281,728","1,283,385",100% success rate,Micro,Python,None,socketify.py-asgi,Linux,Realistic
socketify.py,"6,503,262","7,266,254","7,240,291","7,112,007","7,266,254",100% success rate,Micro,Python,None,socketify.py-python3,Linux,Realistic
socketify.py [wsgi pypy3],"3,676,706","3,782,982","3,716,724","3,676,418","3,782,982",100% success rate,Micro,Python,None,socketify.py-wsgi,Linux,Realistic
socketify.py [wsgi],"1,680,296","1,721,963","1,723,862","1,720,612","1,723,862",100% success rate,Micro,Python,None,socketify.py-wsgi,Linux,Realistic
swift-nio,"3,297,812","3,312,290","3,294,212","3,285,611","3,312,290",100% success rate,Platform,Swift,None,None,Linux,Realistic
tornado,"98,995","97,011","95,865","94,822","98,995",100% success rate,Platform,Python,None,Tornado,Linux,Realistic
tornado-py3,"115,610","117,634","116,387","111,561","117,634",100% success rate,Platform,Python,None,Tornado,Linux,Realistic
undertow,"5,268,612","5,659,809","4,977,016","4,569,780","5,659,809",100% success rate,Platform,Java,Undertow,None,Linux,Realistic
sprapp,— Did not complete —,—,Platform,Go,None,None,Linux,Realistic,,,,
ntex [tokio],"11,817,669","12,706,501","11,901,379","10,976,183","12,706,501",100% success rate,Micro,Rust,None,ntex,Linux,Realistic
ntex [compio],"10,752,633","12,193,835","11,702,403","11,031,278","12,193,835",100% success rate,Micro,Rust,None,ntex,Linux,Realistic
"ntex [tokio,platform]","18,307,883","24,925,515","22,705,507","18,847,244","24,925,515",100% success rate,Platform,Rust,None,ntex,Linux,Realistic
"ntex [compio,platform]","17,279,128","23,164,471","21,017,157","18,120,402","23,164,471",100% success rate,Platform,Rust,None,ntex,Linux,Realistic
oatpp-async,"4,024,466","4,043,733","4,096,969","3,606,381","4,096,969",100% success rate,Micro,C++,None,None,Linux,Realistic
oatpp-async-no-mp,"4,744,571","4,889,069","4,841,942","4,176,424","4,889,069",100% success rate,Micro,C++,None,None,Linux,Realistic
officefloor,"111,097","111,082","111,133","109,859","111,133",100% success rate,Fullstack,Java,officefloor,woof,Linux,Realistic
officefloor-async,"43,355","43,405","43,372","42,768","43,405",100% success rate,Fullstack,Java,officefloor,woof,Linux,Realistic
officefloor-micro,"112,997","113,047","113,605","93,357","113,605",100% success rate,Fullstack,Java,officefloor,woof,Linux,Realistic
officefloor-netty,"17,826","19,140","16,989","19,278","19,278",100% success rate,Fullstack,Java,officefloor,netty,Linux,Realistic
officefloor-r2dbc,"10,914,683","13,517,811","12,977,798","12,282,832","13,517,811",100% success rate,Platform,Java,officefloor,woof,Linux,Realistic
officefloor-rawsqlclient,"12,193,198","13,720,956","13,246,795","12,400,465","13,720,956",100% success rate,Platform,Java,officefloor,woof,Linux,Realistic
officefloor-spring_data,"92,434","93,955","95,047","93,936","95,047",100% success rate,Fullstack,Java,officefloor,woof,Linux,Realistic
officefloor-sqlclient,"12,320,973","13,994,309","13,437,933","12,886,982","13,994,309",100% success rate,Platform,Java,officefloor,woof,Linux,Realistic
officefloor-thread_affinity,"1,348,489","1,320,349","1,314,032","1,269,481","1,348,489",100% success rate,Fullstack,Java,officefloor,woof,Linux,Realistic
officefloor-undertow,"18,820","23,984","31,287","23,317","31,287",100% success rate,Fullstack,Java,officefloor,Undertow,Linux,Realistic
officefloor-vertx,"89,159","88,176","85,767","86,091","89,159",100% success rate,Fullstack,Java,officefloor,vertx,Linux,Realistic
ohkami,2,2,2,0,2,1% success rate,Micro,Rust,None,ohkami,Linux,Realistic
one,"1,615,268","1,605,382","1,593,018","1,595,998","1,615,268",100% success rate,Fullstack,PHP,swoole,None,Linux,Realistic
one-no-coroutine,"1,623,734","1,620,286","1,615,501","1,631,276","1,631,276",100% success rate,Fullstack,PHP,swoole,None,Linux,Realistic
onyx,"213,399","215,745","184,610","194,057","215,745",100% success rate,Fullstack,Crystal,None,None,Linux,Realistic
openresty,"3,343,295","3,572,411","3,442,478","2,923,042","3,572,411",100% success rate,Platform,Lua,OpenResty,nginx,Linux,Realistic
openswoole,"2,336,289","2,209,990","2,136,593","2,152,959","2,336,289",100% success rate,Platform,PHP,openswoole,None,Linux,Realistic
otavia,"13,662,924","14,946,870","14,775,190","14,182,256","14,946,870",100% success rate,Micro,Scala,otavia,None,Linux,Realistic
otavia,"13,259,777","14,740,279","14,511,169","14,012,998","14,740,279",100% success rate,Micro,Scala,otavia,None,Linux,Realistic
oxpecker,"9,079,140","10,823,444","10,935,401","10,596,478","10,935,401",100% success rate,Micro,f#,.NET,kestrel,Linux,Realistic
oxygen.jl,"57,796","25,682",0,0,"57,796",100% success rate,none,julia,None,oxygen.jl,Linux,Realistic
padrino,"20,782","20,771","20,682","18,809","20,782",100% success rate,Micro,Ruby,Rack,Puma,Linux,Realistic
padrino-unicorn,"100,401","101,178","100,222","96,684","101,178",100% success rate,Micro,Ruby,Rack,Unicorn,Linux,Realistic
panther,"644,008","650,760","602,918","530,688","650,760",100% success rate,Micro,Python,asgi,uvicorn,Linux,Realistic
paozhu,14,67,272,"1,090","1,090",100% success rate,Fullstack,C++,None,None,Linux,Realistic
pavex,"6,780,335","7,954,974","7,713,496","7,587,249","7,954,974",100% success rate,Micro,Rust,None,hyper,Linux,Realistic
pedestal,"199,016","220,149","220,542","217,430","220,542",100% success rate,Micro,Clojure,Jetty,None,Linux,Realistic
pekko-http,"4,825,444","4,997,891","4,977,520","4,334,065","4,997,891",100% success rate,Micro,Scala,pekko,None,Linux,Realistic
pellet,"1,942,015","2,419,325","2,420,812","2,290,887","2,420,812",100% success rate,Micro,Kotlin,None,None,Linux,Realistic
phalcon,"95,911","85,710","85,792","85,667","95,911",100% success rate,Fullstack,PHP,fpm/fastcgi,nginx,Linux,Realistic
phalcon-micro,"195,400","142,435","145,554","145,220","195,400",100% success rate,Micro,PHP,fpm/fastcgi,nginx,Linux,Realistic
phoenix,"632,359","619,338","579,571","554,375","632,359",100% success rate,Fullstack,Elixir,beam,bandit,Linux,Realistic
php,"449,566","394,938","441,822","444,014","449,566",100% success rate,Platform,PHP,fpm/fastcgi,nginx,Linux,Realistic
php-caddyserver,"88,816","109,878","123,779","110,577","123,779",100% success rate,Platform,PHP,fpm/fastcgi,caddy,Linux,Realistic
php-frankenphp,"154,003","273,269","312,473","245,561","312,473",100% success rate,Platform,PHP,frankenphp,caddy,Linux,Realistic
php-h2o,"465,135","366,971","361,028","353,214","465,135",100% success rate,Platform,PHP,fpm/fastcgi,h2o,Linux,Realistic
php-pools,"440,399","474,488","66,382","98,913","474,488",100% success rate,Platform,PHP,fpm/fastcgi,nginx,Linux,Realistic
php-raw7-tcp,"490,599","373,983","427,183","414,165","490,599",100% success rate,Platform,PHP,fpm/fastcgi,nginx,Linux,Realistic
php-unit,"203,757","285,167","279,424","233,248","285,167",100% success rate,Platform,PHP,unit nginx,None,Linux,Realistic
php-workerman,"2,389,569","2,252,254","2,191,008","2,146,602","2,389,569",100% success rate,Platform,PHP,workerman,None,Linux,Realistic
php-ngx,"3,623,719","3,725,830","3,555,649","2,993,627","3,725,830",100% success rate,Platform,PHP,ngx_php,nginx,Linux,Realistic
phpixie,"267,744","209,498","216,283","214,471","267,744",100% success rate,Fullstack,PHP,fpm/fastcgi,nginx,Linux,Realistic
pico.v,"21,271,381","28,025,837","28,021,173","23,633,962","28,025,837",100% success rate,Micro,v,None,None,Linux,Realistic
pine,"435,473","1,005,526","1,388,983","1,453,947","1,453,947",100% success rate,Micro,Go,None,None,Linux,Realistic
pippo-jetty,"1,750,375","1,761,510","1,777,179","1,792,812","1,792,812",100% success rate,Micro,Java,Jetty,None,Linux,Realistic
pippo-tomcat,"778,361","806,287","801,903","800,828","806,287",100% success rate,Micro,Java,tomcat,None,Linux,Realistic
pippo-undertow,"228,784","144,855","143,777","140,135","228,784",100% success rate,Micro,Java,Undertow,None,Linux,Realistic
plack,"625,141","710,586","698,450","659,679","710,586",100% success rate,Micro,Perl,Plack,nginx,Linux,Realistic
plack-async,— Did not complete —,—,Micro,Perl,anyevent,nginx,Linux,Realistic,,,,
play1,"27,057","27,011","26,485","21,739","27,057",100% success rate,Fullstack,Java,Netty,None,Linux,Realistic
play2-java,"295,169","279,514","281,757","281,297","295,169",100% success rate,Fullstack,Java,Akka,None,Linux,Realistic
play2-java-netty,"227,053","218,864","113,860","122,267","227,053",100% success rate,Fullstack,Java,Netty,None,Linux,Realistic
play2-scala,"488,016","477,998","475,091","476,314","488,016",100% success rate,Fullstack,Scala,Akka,None,Linux,Realistic
play2-scala-netty,"843,889","874,301","658,421","552,019","874,301",100% success rate,Fullstack,Scala,Netty,None,Linux,Realistic
elixir-plug-ecto,"570,759","552,406","547,093","549,173","570,759",100% success rate,Micro,Elixir,beam,cowboy,Linux,Realistic
plumber,— Did not complete —,—,Fullstack,r,None,None,Linux,Realistic,,,,
postgrest,— Did not complete —,—,Micro,Haskell,None,None,Linux,Realistic,,,,
prologue,14,67,272,"1,090","1,090",100% success rate,Fullstack,Nim,None,None,Linux,Realistic
proteus,"10,574,657","12,331,837","11,880,673","11,309,427","12,331,837",100% success rate,Micro,Java,Undertow,None,Linux,Realistic
pyramid,"497,457","486,833","486,952","484,040","497,457",100% success rate,Fullstack,Python,None,Meinheld,Linux,Realistic
quarkus,"7,438,832","7,675,046","7,416,373","7,211,942","7,675,046",100% success rate,Fullstack,Java,resteasy reactive,vert.x,Linux,Realistic
"quarkus, reactive","7,354,099","7,483,647","7,241,694","7,020,146","7,483,647",100% success rate,Fullstack,Java,resteasy reactive,vert.x,Linux,Realistic
"quarkus, postgresql","7,735,134","8,014,084","7,795,190","7,612,923","8,014,084",100% success rate,Fullstack,Java,vert.x,vert.x,Linux,Realistic
"quarkus, vert.x","12,019,652","13,080,084","12,568,481","12,164,204","13,080,084",100% success rate,Micro,Java,vert.x,vert.x,Linux,Realistic
agoo,"1,379,955","1,428,930","1,477,519","1,495,573","1,495,573",100% success rate,Micro,Ruby,Rack,agoo,Linux,Realistic
rack-puma-mri-sequel-raw,"138,340","152,435","156,908","145,194","156,908",100% success rate,Micro,Ruby,mri,Puma,Linux,Realistic
rack-falcon-mri-sequel-raw,"404,889","395,631","392,280","363,519","404,889",100% success rate,Micro,Ruby,mri,falcon,Linux,Realistic
rack-iodine-mri-sequel-raw,"1,662,699","1,633,939","1,596,973","1,564,578","1,662,699",100% success rate,Micro,Ruby,mri,iodine,Linux,Realistic
rack-puma-jruby-sequel-raw,"94,813","109,986","112,068","107,705","112,068",100% success rate,Micro,Ruby,jruby,Puma,Linux,Realistic
rack-sequel-passenger-mri,"91,022","87,322",286,59,"91,022",100% success rate,Micro,Ruby,Rack,Passenger,Linux,Realistic
rack-unicorn-mri-sequel-raw,"156,079","156,022","58,984","9,946","156,079",100% success rate,Micro,Ruby,mri,Unicorn,Linux,Realistic
racket,"376,724","371,034","353,681","311,838","376,724",100% success rate,Micro,racket,racket,racket,Linux,Realistic
rage,"898,008","877,509","870,219","861,052","898,008",100% success rate,Micro,Ruby,Rack,rage-iodine,Linux,Realistic
rails,"138,095","138,345","139,115","128,251","139,115",100% success rate,Fullstack,Ruby,Rack,Puma,Linux,Realistic
rails-falcon,"173,316","170,102","173,548","167,813","173,548",100% success rate,Fullstack,Ruby,Rack,falcon,Linux,Realistic
rails-iodine,"698,133","692,134","687,603","682,340","698,133",100% success rate,Fullstack,Ruby,Rack,iodine,Linux,Realistic
rapidoid,"14,939,640","19,319,963","18,486,617","16,210,532","19,319,963",100% success rate,Platform,Java,Rapidoid,None,Linux,Realistic
rapidoid-http-fast,"15,446,810","20,054,554","19,379,626","16,810,552","20,054,554",100% success rate,Platform,Java,Rapidoid,None,Linux,Realistic
reactphp [libevent],"61,248","60,907","60,602","59,925","61,248",100% success rate,Platform,PHP,reactphp,None,Linux,Realistic
reactphp [libuv],"59,793","59,568","59,256","59,253","59,793",100% success rate,Platform,PHP,reactphp,None,Linux,Realistic
"reaper [aot,slim]","5,784,637","6,532,731","6,322,811","5,753,449","6,532,731",100% success rate,Micro,C#,.NET,kestrel,Linux,Realistic
reitit,"8,779,316","5,078,806","4,418,624","4,131,015","8,779,316",100% success rate,Micro,Clojure,Undertow,None,Linux,Realistic
restana,"317,125","664,992","1,330,725","763,078","1,330,725",100% success rate,Platform,JavaScript,nodejs,None,Linux,Realistic
restify,"108,729","394,845","545,133","455,411","545,133",100% success rate,Platform,JavaScript,nodejs,None,Linux,Realistic
revenj,"87,816","390,239","1,532,602","3,574,242","3,574,242",100% success rate,Fullstack,C#,None,None,Linux,Realistic
revenj-jvm,"256,624","628,782","2,552,891","3,813,352","3,813,352",100% success rate,Fullstack,Java,Servlet,Resin,Linux,Realistic
ringojs-convenient,"102,819","102,778","102,292","100,363","102,819",100% success rate,Micro,JavaScript,RingoJs,None,Linux,Realistic
ripple,"2,276,885","2,196,333","2,117,787","2,068,870","2,276,885",100% success rate,Fullstack,PHP,ripple,None,Linux,Realistic
roa,"478,481","1,601,264","4,801,082","5,181,434","5,181,434",100% success rate,Micro,Rust,None,hyper,Linux,Realistic
roa-core,"705,240","2,489,825","6,180,688","5,994,997","6,180,688",100% success rate,Micro,Rust,None,hyper,Linux,Realistic
roa-tokio,"1,206,408","3,402,372","6,427,698","6,377,432","6,427,698",100% success rate,Micro,Rust,None,hyper,Linux,Realistic
robyn,"443,970","446,391","446,396","438,640","446,396",100% success rate,Micro,Python,None,None,Linux,Realistic
robyn [const],"609,333","613,683","613,325","606,069","613,683",100% success rate,Micro,Python,None,None,Linux,Realistic
rocket,"1,033,427","1,026,474","1,015,370","965,241","1,033,427",100% success rate,Fullstack,Rust,Rust,hyper,Linux,Realistic
roda-sequel,"134,809","205,163","206,617","196,148","206,617",100% success rate,Micro,Ruby,Rack,Puma,Linux,Realistic
roda-sequel-postgres-iodine-mri,"1,334,093","1,310,967","1,285,802","1,264,915","1,334,093",100% success rate,Micro,Ruby,Rack,iodine,Linux,Realistic
ronykit,"1,472,103","7,585,836","8,708,191","8,777,024","8,777,024",100% success rate,Platform,Go,None,None,Linux,Realistic
ronykit,"2,306,244","11,456,291","12,072,588","11,809,155","12,072,588",100% success rate,Platform,Go,None,None,Linux,Realistic
salvo,"2,673,942","2,692,195","2,670,769","2,658,918","2,692,195",100% success rate,Micro,Rust,Rust,hyper,Linux,Realistic
sanic,"608,833","613,796","609,122","607,257","613,796",100% success rate,Micro,Python,None,None,Linux,Realistic
saphir,"478,487","1,137,063","3,610,697","3,957,252","3,957,252",100% success rate,Micro,Rust,None,None,Linux,Realistic
scalene,"14,649,137","17,875,114","17,485,191","16,265,366","17,875,114",100% success rate,Micro,Scala,None,None,Linux,Realistic
servicestack-v6,"1,022,552","1,036,985","1,039,810","1,046,359","1,046,359",100% success rate,Micro,C#,.NET,kestrel,Linux,Realistic
servicetalk,"645,115","647,393","658,657","653,568","658,657",100% success rate,Micro,Java,servicetalk,None,Linux,Realistic
silverlining,"16,142,427","23,412,488","24,704,100","17,677,428","24,704,100",100% success rate,Platform,Go,None,None,Linux,Realistic
silverlining [prefork],"18,444,542","27,962,675","27,367,430","23,538,371","27,962,675",100% success rate,Platform,Go,None,None,Linux,Realistic
simple-server,"1,215,144","1,225,438","1,222,756","1,210,616","1,225,438",100% success rate,Micro,Java,Netty,None,Linux,Realistic
sinatra,"92,567","223,645","229,613","204,336","229,613",100% success rate,Micro,Ruby,Rack,Puma,Linux,Realistic
sinatra-postgres-agoo-mri,— Did not complete —,—,Micro,Ruby,Rack,agoo,Linux,Realistic,,,,
sisk framework,14,67,248,727,727,60% success rate,Micro,C#,.NET,httplistener,Linux,Realistic
sisk framework (cadente),14,67,272,"1,090","1,090",100% success rate,Platform,C#,.NET,cadente,Linux,Realistic
slim,"89,588","72,345","74,502","74,777","89,588",100% success rate,Micro,PHP,fpm/fastcgi,nginx,Linux,Realistic
slim-workerman,"251,876","249,508","248,274","245,366","251,876",100% success rate,Micro,PHP,workerman,None,Linux,Realistic
snunit,"459,766","447,471","447,476","464,549","464,549",100% success rate,Micro,Scala,unit nginx,None,Linux,Realistic
solon,"7,884,421","7,417,225","7,279,617","7,061,503","7,884,421",100% success rate,Fullstack,Java,solon,smarthttp,Linux,Realistic
spark,"1,193,861","1,226,332","1,221,189","1,147,852","1,226,332",100% success rate,Micro,Java,Servlet,Jetty,Linux,Realistic
spider-gazelle,"234,193","2,183,876","5,383,439","5,380,299","5,383,439",100% success rate,Fullstack,Crystal,None,None,Linux,Realistic
spiral,"36,715","36,763","36,780","36,552","36,780",100% success rate,Fullstack,PHP,roadrunner,None,Linux,Realistic
spliffy,"2,527,869","2,586,736","2,570,455","2,565,276","2,586,736",100% success rate,Micro,JavaScript,nodejs,µws,Linux,Realistic
spring,"802,261","832,509","822,324","799,190","832,509",100% success rate,Fullstack,Java,Servlet,Undertow,Linux,Realistic
spring-webflux,"2,449,841","2,464,711","2,440,150","2,410,100","2,464,711",100% success rate,Fullstack,Java,Netty,None,Linux,Realistic
spring-webflux-mongo,"2,492,621","2,512,829","2,478,578","2,454,413","2,512,829",100% success rate,Fullstack,Java,Netty,None,Linux,Realistic
starlette,"573,763","575,669","528,124","468,453","575,669",100% success rate,Micro,Python,None,None,Linux,Realistic
starlite,"499,729","509,037","483,766","435,722","509,037",100% success rate,Micro,Python,None,uvicorn,Linux,Realistic
suave,"594,338","582,960","532,548","505,655","594,338",100% success rate,Micro,f#,.NET,None,Linux,Realistic
swi-prolog,"13,557","15,872","33,003","32,029","33,003",100% success rate,none,prolog,None,swi-prolog,Linux,Realistic
swoole,"3,512,072","3,519,409","3,389,199","3,310,353","3,519,409",100% success rate,Platform,PHP,swoole,None,Linux,Realistic
symfony,"64,053","59,775","59,686","59,224","64,053",100% success rate,Fullstack,PHP,fpm/fastcgi,nginx,Linux,Realistic
symfony-frankenphp,"120,546","147,164","183,004","185,218","185,218",100% success rate,Fullstack,PHP,frankenphp,caddy,Linux,Realistic
symfony-roadrunner,"72,886","73,352","73,900","73,057","73,900",100% success rate,Fullstack,PHP,roadrunner,None,Linux,Realistic
symfony-swoole,"331,993","333,294","333,261","330,901","333,294",100% success rate,Fullstack,PHP,swoole,None,Linux,Realistic
symfony-workerman,"305,007","303,747","302,727","299,624","305,007",100% success rate,Fullstack,PHP,workerman,None,Linux,Realistic
tapestry,"115,225","403,277","762,102","791,309","791,309",100% success rate,Fullstack,Java,Servlet,Resin,Linux,Realistic
tetsuweb,"245,546","223,789","191,104","176,948","245,546",100% success rate,Micro,C#,.NET,tetsu,Linux,Realistic
tio-mvc,"198,153","1,922,273","1,958,284","819,109","1,958,284",100% success rate,Micro,Java,t-io,None,Linux,Realistic
tio-server,14,37,0,0,37,56% success rate,Micro,Java,t-io,None,Linux,Realistic
today,"273,617","259,437","251,087","222,999","273,617",100% success rate,Fullstack,Java,Netty,None,Linux,Realistic
toro,"356,928","2,931,856","5,592,643","5,449,756","5,592,643",100% success rate,Micro,Crystal,None,None,Linux,Realistic
treefrog,"1,790,489","1,694,403","1,653,621","1,624,997","1,790,489",100% success rate,Fullstack,C++,None,None,Linux,Realistic
treefrog-epoll,"2,553,955","2,573,790","2,544,499","2,509,645","2,573,790",100% success rate,Fullstack,C++,None,None,Linux,Realistic
trillium [smol],"2,850,770","2,741,481","2,662,592","2,580,963","2,850,770",100% success rate,Micro,Rust,None,None,Linux,Realistic
trillium [async-std],"2,709,809","2,605,341","2,566,766","2,521,821","2,709,809",100% success rate,Micro,Rust,None,None,Linux,Realistic
trillium [tokio],"2,757,392","2,722,825","2,656,856","2,576,608","2,757,392",100% success rate,Micro,Rust,None,None,Linux,Realistic
tuprolog,"59,164","59,209","58,665","58,264","59,209",100% success rate,none,prolog,None,vert.x,Linux,Realistic
ubiquity,"387,041","236,205","269,202","266,103","387,041",100% success rate,Fullstack,PHP,fpm/fastcgi,nginx,Linux,Realistic
ubiquity-ngx,"1,955,044","2,176,351","2,331,971","2,118,770","2,331,971",100% success rate,Fullstack,PHP,ngx_php,nginx,Linux,Realistic
ubiquity-ngx-micro,"2,066,706","2,442,006","2,357,987","2,148,466","2,442,006",100% success rate,Micro,PHP,ngx_php,nginx,Linux,Realistic
ubiquity-swoole,"1,897,411","1,866,910","1,850,949","1,862,537","1,897,411",100% success rate,Fullstack,PHP,swoole,None,Linux,Realistic
ubiquity-workerman-raw,"1,826,273","1,788,933","1,792,586","1,802,374","1,826,273",100% success rate,Fullstack,PHP,workerman,None,Linux,Realistic
ultimate-express,"18,349,502","27,324,164","26,183,173","22,141,700","27,324,164",100% success rate,Micro,JavaScript,nodejs,µws,Linux,Realistic
urweb,"1,658,370","1,658,372","1,648,397","1,609,405","1,658,372",100% success rate,Fullstack,Ur,Ur/Web,None,Linux,Realistic
userver,"1,985,222","1,885,781","1,730,316","1,549,914","1,985,222",100% success rate,Fullstack,C++,None,None,Linux,Realistic
routerling,"140,541","142,138","141,042","137,117","142,138",100% success rate,Platform,Python,None,None,Linux,Realistic
uvicorn,"1,010,133","1,014,344","870,078","717,625","1,014,344",100% success rate,Platform,Python,None,None,Linux,Realistic
uwebsockets.js,"18,643,538","27,973,472","27,991,649","23,473,008","27,991,649",100% success rate,Platform,JavaScript,nodejs,None,Linux,Realistic
valum,"8,660","7,547","5,739","3,226","8,660",100% success rate,Micro,vala,glib,soup,Linux,Realistic
vapor,"310,441","306,032","301,398","298,943","310,441",100% success rate,Fullstack,Swift,None,None,Linux,Realistic
vapor,"275,465","279,488","276,086","272,240","279,488",100% success rate,Fullstack,Swift,None,None,Linux,Realistic
velocy,"1,629,650","1,647,179","1,623,059","1,627,432","1,647,179",100% success rate,Micro,JavaScript,nodejs,None,Linux,Realistic
vertx,"12,607,350","14,340,940","13,742,356","12,838,755","14,340,940",100% success rate,Platform,Java,vert.x,None,Linux,Realistic
vertx-web,"8,524,327","9,029,986","8,752,774","8,556,728","9,029,986",100% success rate,Micro,Java,vert.x,None,Linux,Realistic
vertx-web-kotlin-dsljson,"11,106,678","13,010,230","12,245,761","11,292,985","13,010,230",100% success rate,Micro,Kotlin,vert.x,None,Linux,Realistic
vertx-web-kotlinx,"8,537,940","8,864,348","7,642,417","6,686,428","8,864,348",100% success rate,Micro,Kotlin,vert.x,None,Linux,Realistic
vertx-web-scala,"5,340,038","5,387,960","5,264,183","5,113,454","5,387,960",100% success rate,Micro,Scala,vert.x,None,Linux,Realistic
vibora,"3,437,387","3,579,184","3,553,414","3,525,193","3,579,184",100% success rate,Platform,Python,None,None,Linux,Realistic
viz,"9,624,939","12,354,890","12,201,020","11,784,583","12,354,890",100% success rate,Platform,Rust,Rust,hyper,Linux,Realistic
voovan,"7,721,261","8,687,624","8,776,756","8,665,275","8,776,756",100% success rate,Platform,Java,voovan,None,Linux,Realistic
vsgi,"9,904","8,303","7,303","3,475","9,904",100% success rate,Platform,vala,glib,soup,Linux,Realistic
webmachine,"326,574","326,656","323,075","316,005","326,656",100% success rate,Micro,ocaml,cohttp,None,Linux,Realistic
webman,"2,941,354","3,210,900","3,147,735","3,141,723","3,210,900",100% success rate,Micro,PHP,workerman,None,Linux,Realistic
wicket,"168,741","317,938","577,993","610,609","610,609",100% success rate,Fullstack,Java,Servlet,Resin,Linux,Realistic
wizzardo-http,"13,991,293","21,448,183","22,212,355","21,221,172","22,212,355",100% success rate,Micro,Java,None,None,Linux,Realistic
wizzardo-inline,"811,136","596,177","371,501","368,548","811,136",100% success rate,Micro,Haskell,None,None,Linux,Realistic
wolff,"243,329","181,881","193,269","189,352","243,329",100% success rate,Fullstack,PHP,fpm/fastcgi,nginx,Linux,Realistic
workerman,"6,709,060","7,438,285","7,150,858","6,953,785","7,438,285",100% success rate,Platform,PHP,workerman,None,Linux,Realistic
workerman,"3,358,191","3,823,887","3,719,921","3,742,534","3,823,887",100% success rate,Platform,PHP,workerman,None,Linux,Realistic
xitca-web,"13,073,057","18,436,533","17,115,734","15,469,715","18,436,533",100% success rate,Micro,Rust,None,xitca-server,Linux,Realistic
xitca-web [orm],"13,744,236","16,625,598","15,854,970","15,028,968","16,625,598",100% success rate,Fullstack,Rust,None,xitca-server,Linux,Realistic
xitca-web [sync],"13,536,835","16,615,547","15,843,398","15,022,226","16,615,547",100% success rate,Micro,Rust,None,xitca-server,Linux,Realistic
xitca-web [wasm],"253,795","218,403","156,593","134,644","253,795",100% success rate,Micro,Rust,None,xitca-server,Linux,Realistic
yii2,"145,749","113,185","115,386","115,132","145,749",100% success rate,Fullstack,PHP,fpm/fastcgi,nginx,Linux,Realistic
yii2-workerman,"328,790","322,527","321,145","317,446","328,790",100% success rate,Fullstack,PHP,workerman,None,Linux,Realistic
youi,"786,050","819,723","800,220","759,191","819,723",100% success rate,Micro,Scala,Undertow,None,Linux,Realistic
zap (zig),"1,087,951","1,073,308","1,075,043","1,073,218","1,087,951",100% success rate,Fullstack,zig,None,None,Linux,Realistic
zebra,"7,662,384","8,743,650","8,857,171","8,439,571","8,857,171",100% success rate,Fullstack,f#,.NET,kestrel,Linux,Realistic
zebra-simple,"8,183,759","9,437,323","9,478,548","9,103,435","9,478,548",100% success rate,Micro,f#,.NET,kestrel,Linux,Realistic
zend,"25,789","25,182","25,254","25,374","25,789",100% success rate,Fullstack,PHP,fpm/fastcgi,nginx,Linux,Realistic
zinc,"47,796","47,195","45,022","43,984","47,796",100% success rate,Fullstack,zig,None,None,Linux,Realistic
zio-http,"4,039,582","4,264,760","4,189,870","4,145,216","4,264,760",100% success rate,Micro,Scala,Netty,None,Linux,Realistic
zysocket-v,44,201,790,"1,568","1,568",73% success rate,Fullstack,C#,.NET,zysocket-v,Linux,Realistic
